/*
SQLyog Enterprise - MySQL GUI v8.12 
MySQL - 5.5.37 : Database - db_jxc
*********************************************************************
*/

/*!40101 SET NAMES utf8 */;

/*!40101 SET SQL_MODE=''*/;

/*!40014 SET @OLD_FOREIGN_KEY_CHECKS=@@FOREIGN_KEY_CHECKS, FOREIGN_KEY_CHECKS=0 */;
/*!40101 SET @OLD_SQL_MODE=@@SQL_MODE, SQL_MODE='NO_AUTO_VALUE_ON_ZERO' */;

CREATE DATABASE /*!32312 IF NOT EXISTS*/`db_jxc` /*!40100 DEFAULT CHARACTER SET utf8 */;

USE `db_jxc`;

/*Table structure for table `hibernate_sequence` */

DROP TABLE IF EXISTS `hibernate_sequence`;

CREATE TABLE `hibernate_sequence` (
  `next_val` bigint(20) DEFAULT NULL
) ENGINE=MyISAM DEFAULT CHARSET=utf8;

/*Data for the table `hibernate_sequence` */

LOCK TABLES `hibernate_sequence` WRITE;

insert  into `hibernate_sequence`(`next_val`) values (121),(121),(121),(121),(121);

UNLOCK TABLES;

/*Table structure for table `t_customer` */

DROP TABLE IF EXISTS `t_customer`;

CREATE TABLE `t_customer` (
  `id` int(11) NOT NULL AUTO_INCREMENT,
  `address` varchar(200) DEFAULT NULL,
  `contacts` varchar(50) DEFAULT NULL,
  `name` varchar(100) DEFAULT NULL,
  `phone_number` varchar(50) DEFAULT NULL,
  `remarks` varchar(500) DEFAULT NULL,
  PRIMARY KEY (`id`)
) ENGINE=MyISAM AUTO_INCREMENT=5 DEFAULT CHARSET=utf8;

/*Data for the table `t_customer` */

LOCK TABLES `t_customer` WRITE;

insert  into `t_customer`(`id`,`address`,`contacts`,`name`,`phone_number`,`remarks`) values (1,'成都市锦江区大业路6号COSMO财富中心F3','张三','家乐福（青石桥店）','13555555555','家乐福超市稳定客户'),(3,'成都市温江区永兴路51号中森·光华1号1-2层','李四','永辉超市（温江光华大道店）','13888888888','永辉超市稳定客户'),(4,'成都市双流区锦华路二段166号北京华联空港购物中心B1','王五','北京华联空港购物中心','028-89460961','华联稳定客户');

UNLOCK TABLES;

/*Table structure for table `t_customer_return_list` */

DROP TABLE IF EXISTS `t_customer_return_list`;

CREATE TABLE `t_customer_return_list` (
  `id` int(11) NOT NULL AUTO_INCREMENT,
  `amount_paid` float NOT NULL,
  `amount_payable` float NOT NULL,
  `customer_return_date` varchar(20) DEFAULT NULL,
  `customer_return_number` varchar(100) DEFAULT NULL,
  `remarks` varchar(1000) DEFAULT NULL,
  `state` int(11) DEFAULT NULL,
  `customer_id` int(11) DEFAULT NULL,
  `user_id` int(11) DEFAULT NULL,
  PRIMARY KEY (`id`),
  KEY `FKl0ahdwa8slkocbfe57opembfx` (`customer_id`),
  KEY `FKd55ju83f0ntixagdvdrsmw10c` (`user_id`)
) ENGINE=MyISAM AUTO_INCREMENT=2 DEFAULT CHARSET=utf8;

/*Data for the table `t_customer_return_list` */

LOCK TABLES `t_customer_return_list` WRITE;

insert  into `t_customer_return_list`(`id`,`amount_paid`,`amount_payable`,`customer_return_date`,`customer_return_number`,`remarks`,`state`,`customer_id`,`user_id`) values (1,42.5,42.5,'2019-02-15','XT1550220103291','',1,1,1);

UNLOCK TABLES;

/*Table structure for table `t_customer_return_list_goods` */

DROP TABLE IF EXISTS `t_customer_return_list_goods`;

CREATE TABLE `t_customer_return_list_goods` (
  `id` int(11) NOT NULL AUTO_INCREMENT,
  `code` varchar(50) DEFAULT NULL,
  `goods_id` int(11) DEFAULT NULL,
  `model` varchar(50) DEFAULT NULL,
  `name` varchar(50) DEFAULT NULL,
  `num` int(11) DEFAULT NULL,
  `price` float NOT NULL,
  `total` float NOT NULL,
  `unit` varchar(10) DEFAULT NULL,
  `customer_return_list_id` int(11) DEFAULT NULL,
  `type_id` int(11) DEFAULT NULL,
  PRIMARY KEY (`id`),
  KEY `FKtqt67mbn96lxn8hvtl4piblhi` (`customer_return_list_id`),
  KEY `FK32ijokbrx3j6h0p6aa9hcccbq` (`type_id`)
) ENGINE=MyISAM AUTO_INCREMENT=2 DEFAULT CHARSET=utf8;

/*Data for the table `t_customer_return_list_goods` */

LOCK TABLES `t_customer_return_list_goods` WRITE;

insert  into `t_customer_return_list_goods`(`id`,`code`,`goods_id`,`model`,`name`,`num`,`price`,`total`,`unit`,`customer_return_list_id`,`type_id`) values (1,'0001',1,'红色装','陶华碧老干妈香辣脆油辣椒',10,8.5,85,'瓶',1,10);

UNLOCK TABLES;

/*Table structure for table `t_damage_list` */

DROP TABLE IF EXISTS `t_damage_list`;

CREATE TABLE `t_damage_list` (
  `id` int(11) NOT NULL AUTO_INCREMENT,
  `damage_date` varchar(20) DEFAULT NULL,
  `damage_number` varchar(100) DEFAULT NULL,
  `remarks` varchar(1000) DEFAULT NULL,
  `user_id` int(11) DEFAULT NULL,
  PRIMARY KEY (`id`),
  KEY `FKpn094ma69sch1icjc2gu7xus` (`user_id`)
) ENGINE=MyISAM AUTO_INCREMENT=2 DEFAULT CHARSET=utf8;

/*Data for the table `t_damage_list` */

LOCK TABLES `t_damage_list` WRITE;

insert  into `t_damage_list`(`id`,`damage_date`,`damage_number`,`remarks`,`user_id`) values (1,'2019-02-19','BS1550561206988','',1);

UNLOCK TABLES;

/*Table structure for table `t_damage_list_goods` */

DROP TABLE IF EXISTS `t_damage_list_goods`;

CREATE TABLE `t_damage_list_goods` (
  `id` int(11) NOT NULL AUTO_INCREMENT,
  `code` varchar(50) DEFAULT NULL,
  `goods_id` int(11) DEFAULT NULL,
  `model` varchar(50) DEFAULT NULL,
  `name` varchar(50) DEFAULT NULL,
  `num` int(11) DEFAULT NULL,
  `price` float NOT NULL,
  `total` float NOT NULL,
  `unit` varchar(10) DEFAULT NULL,
  `damage_list_id` int(11) DEFAULT NULL,
  `type_id` int(11) DEFAULT NULL,
  PRIMARY KEY (`id`),
  KEY `FKbf5m8mm3gctrnuubr9xkjamj8` (`damage_list_id`),
  KEY `FK8r7ietq6opa0ci7uxdqc264yf` (`type_id`)
) ENGINE=MyISAM AUTO_INCREMENT=2 DEFAULT CHARSET=utf8;

/*Data for the table `t_damage_list_goods` */

LOCK TABLES `t_damage_list_goods` WRITE;

insert  into `t_damage_list_goods`(`id`,`code`,`goods_id`,`model`,`name`,`num`,`price`,`total`,`unit`,`damage_list_id`,`type_id`) values (1,'0006',14,'300g装','冰糖金桔干',4,5,20,'盒',1,11);

UNLOCK TABLES;

/*Table structure for table `t_goods` */

DROP TABLE IF EXISTS `t_goods`;

CREATE TABLE `t_goods` (
  `id` int(11) NOT NULL AUTO_INCREMENT,
  `code` varchar(50) DEFAULT NULL,
  `inventory_quantity` int(11) NOT NULL,
  `last_purchasing_price` float NOT NULL,
  `min_num` int(11) NOT NULL,
  `model` varchar(50) DEFAULT NULL,
  `name` varchar(50) DEFAULT NULL,
  `producer` varchar(200) DEFAULT NULL,
  `purchasing_price` float NOT NULL,
  `remarks` varchar(1000) DEFAULT NULL,
  `selling_price` float NOT NULL,
  `state` int(11) NOT NULL,
  `unit` varchar(10) DEFAULT NULL,
  `type_id` int(11) DEFAULT NULL,
  PRIMARY KEY (`id`),
  KEY `FKdc37m9kacrupcmox8yfnkdrb5` (`type_id`)
) ENGINE=MyISAM AUTO_INCREMENT=43 DEFAULT CHARSET=utf8;

/*Data for the table `t_goods` */

LOCK TABLES `t_goods` WRITE;

insert  into `t_goods`(`id`,`code`,`inventory_quantity`,`last_purchasing_price`,`min_num`,`model`,`name`,`producer`,`purchasing_price`,`remarks`,`selling_price`,`state`,`unit`,`type_id`) values (1,'0001',180,8.5,1000,'红色装','陶华碧老干妈香辣脆油辣椒','贵州省贵阳南明老干妈风味食品有限公司',7.95,'好卖',8.5,2,'瓶',10),(2,'0002',155,2220,400,'Note8','华为荣耀Note8','华为计算机系统有限公司',2152.51,'热销',2200,2,'台',16),(11,'0003',2820,23,400,'500g装','野生东北黑木耳','辉南县博康土特产有限公司',23,'够黑2',38,2,'袋',11),(12,'0004',350,13,300,'2斤装','新疆红枣','沧州铭鑫食品有限公司',13,'好吃',25,2,'袋',10),(13,'0005',60,8,1000,'散装500克','麦片燕麦巧克力','福建省麦德好食品工业有限公司',8,'Goods',15,2,'袋',11),(14,'0006',60,5,1999,'300g装','冰糖金桔干','揭西县同心食品有限公司',5.03,'',13,2,'盒',11),(15,'0007',100630,4.5,400,'500g装','吉利人家牛肉味蛋糕','合肥吉利人家食品有限公司',4.5,'good',10,2,'袋',11),(16,'0008',200,3,500,'128g装','奕森奶油桃肉蜜饯果脯果干桃肉干休闲零食品','潮州市潮安区正大食品有限公司',3,'',10,2,'盒',11),(17,'0009',400,20,1000,'240g装','休闲零食坚果特产精品干果无漂白大个开心果','石家庄博群食品有限公司',20,'',33,2,'袋',11),(18,'0010',20,12,300,'250g装','劲仔小鱼干','湖南省华文食品有限公司',12,'',20,2,'袋',11),(19,'0011',11,3.2,300,'198g装','山楂条','临朐县七贤升利食品厂',3.2,'',10,0,'袋',11),(20,'0012',22,20,200,'500g装','大乌梅干','长春市鼎丰真食品有限责任公司',20,'',25,0,'袋',11),(21,'0013',400,3,100,'250g装','手工制作芝麻香酥麻通','桂林兰雨食品有限公司',3,'',8,2,'袋',11),(22,'0014',12,5,200,'250g装','美国青豆原味 蒜香','菲律宾',5,'',8,2,'袋',11),(24,'0015',47,8000,100,'X',' iPhone X','xx2',8000,'xxx2',9500,2,'台',16),(25,'0016',0,102,12,'X','21','32',102,'21',120,0,'盒',3),(26,'0017',-1,3000,100,'ILCE-A6000L','Sony/索尼 ILCE-A6000L WIFI微单数码相机高清单电','xxx',3000,'xxx',3650,2,'台',15),(27,'0018',-1,800,400,'IXUS 285 HS','Canon/佳能 IXUS 285 HS 数码相机 2020万像素高清拍摄','xx',800,'xxx',1299,2,'台',15),(28,'0019',0,60,300,'Q8','Golden Field/金河田 Q8电脑音响台式多媒体家用音箱低音炮重低音','xxxx',60,'',129,0,'台',17),(29,'0020',0,1000,50,'190WDPT','Haier/海尔冰箱BCD-190WDPT双门电冰箱大两门冷藏冷冻','cc',1000,'',1699,0,'台',14),(30,'0021',0,700,320,'4A ','Xiaomi/小米 小米电视4A 32英寸 智能液晶平板电视机','cc',700,'',1199,0,'台',12),(31,'0022',0,400,40,'XQB55-36SP','TCL XQB55-36SP 5.5公斤全自动波轮迷你小型洗衣机家用单脱抗菌','cc',400,'',729,0,'台',13),(32,'0023',0,4,1000,'80g*2','台湾进口膨化零食品张君雅小妹妹日式串烧丸子80g*2','cc',4,'',15,0,'袋',9),(33,'0024',0,168,10,'A字裙','卓图女装立领针织格子印花拼接高腰A字裙2017秋冬新款碎花连衣裙','cc',168,'',298,0,'件',6),(34,'0025',0,189,10,'三件套秋','西服套装男三件套秋季新款商务修身职业正装男士西装新郎结婚礼服','cc',189,'',299,0,'件',7),(35,'0026',0,60,10,'AFS JEEP','加绒加厚正品AFS JEEP/战地吉普男大码长裤植绒保暖男士牛仔裤子','c',60,'',89,0,'条',8);

UNLOCK TABLES;

/*Table structure for table `t_goods_type` */

DROP TABLE IF EXISTS `t_goods_type`;

CREATE TABLE `t_goods_type` (
  `id` int(11) NOT NULL AUTO_INCREMENT,
  `name` varchar(50) DEFAULT NULL,
  `p_id` int(11) DEFAULT NULL,
  `state` int(11) DEFAULT NULL,
  PRIMARY KEY (`id`)
) ENGINE=MyISAM AUTO_INCREMENT=62 DEFAULT CHARSET=utf8;

/*Data for the table `t_goods_type` */

LOCK TABLES `t_goods_type` WRITE;

insert  into `t_goods_type`(`id`,`name`,`p_id`,`state`) values (1,'所有类别',-1,1),(2,'服饰',1,1),(3,'食品',1,1),(4,'家电',1,1),(5,'数码',1,1),(6,'连衣裙',2,0),(7,'男士西装',2,0),(8,'牛仔裤',2,0),(9,'进口食品',3,0),(10,'地方特产',3,0),(11,'休闲食品',3,0),(12,'电视机',4,0),(13,'洗衣机',4,0),(14,'冰箱',4,0),(15,'相机',5,0),(16,'手机',5,0),(17,'音箱',5,0);

UNLOCK TABLES;

/*Table structure for table `t_log` */

DROP TABLE IF EXISTS `t_log`;

CREATE TABLE `t_log` (
  `id` int(11) NOT NULL AUTO_INCREMENT,
  `content` varchar(50) DEFAULT NULL,
  `date` datetime DEFAULT NULL,
  `type` varchar(50) DEFAULT NULL,
  `user_id` int(11) DEFAULT NULL,
  PRIMARY KEY (`id`),
  KEY `FKbvn5yabu3vqwvtjoh32i9r4ip` (`user_id`)
) ENGINE=MyISAM AUTO_INCREMENT=3998 DEFAULT CHARSET=utf8;

/*Data for the table `t_log` */

LOCK TABLES `t_log` WRITE;

insert  into `t_log`(`id`,`content`,`date`,`type`,`user_id`) values (3022,'分页查询商品库存信息','2019-02-19 15:44:04','查询操作',1),(3023,'登录系统','2019-02-19 16:43:53','登录操作',1),(3024,'分页查询商品库存信息','2019-02-19 16:43:55','查询操作',1),(3025,'分页查询商品信息','2019-02-19 16:43:58','查询操作',1),(3026,'分页查询商品信息','2019-02-19 16:43:58','查询操作',1),(3027,'分页查询商品信息','2019-02-19 16:44:44','查询操作',1),(3028,'分页查询商品信息','2019-02-19 16:44:45','查询操作',1),(3029,'分页查询商品信息','2019-02-19 16:45:02','查询操作',1),(3030,'分页查询商品信息','2019-02-19 16:45:03','查询操作',1),(3031,'分页查询商品信息','2019-02-19 16:45:07','查询操作',1),(3032,'分页查询商品信息','2019-02-19 16:45:07','查询操作',1),(3033,'查询商品类别信息','2019-02-19 16:45:12','查询操作',1),(3034,'新增商品报溢单：BY1550565907039','2019-02-19 16:45:23','新增操作',1),(3035,'分页查询商品信息','2019-02-19 16:45:24','查询操作',1),(3036,'分页查询商品信息','2019-02-19 16:45:24','查询操作',1),(3037,'分页查询商品信息','2019-02-19 17:11:12','查询操作',1),(3038,'分页查询商品信息','2019-02-19 17:11:12','查询操作',1),(3039,'商品报损单据查询','2019-02-19 17:12:15','查询操作',1),(3040,'商品报损单商品信息查询','2019-02-19 17:12:16','查询操作',1),(3041,'商品报溢单据查询','2019-02-19 17:14:26','查询操作',1),(3042,'商品报溢单商品信息查询','2019-02-19 17:14:28','查询操作',1),(3043,'商品报损单据查询','2019-02-19 17:14:33','查询操作',1),(3044,'商品报损单商品信息查询','2019-02-19 17:14:34','查询操作',1),(3045,'商品报溢单据查询','2019-02-19 17:14:38','查询操作',1),(3046,'商品报损单据查询','2019-02-19 17:15:22','查询操作',1),(3047,'商品报损单商品信息查询','2019-02-19 17:15:24','查询操作',1),(3048,'商品报溢单据查询','2019-02-19 17:15:51','查询操作',1),(3049,'商品报溢单商品信息查询','2019-02-19 17:15:52','查询操作',1),(3050,'商品报损单据查询','2019-02-19 17:18:36','查询操作',1),(3051,'商品报损单商品信息查询','2019-02-19 17:18:37','查询操作',1),(3052,'商品报溢单据查询','2019-02-19 17:18:39','查询操作',1),(3053,'商品报溢单商品信息查询','2019-02-19 17:18:40','查询操作',1),(3054,'商品报损单据查询','2019-02-19 17:18:54','查询操作',1),(3055,'商品报损单商品信息查询','2019-02-19 17:19:07','查询操作',1),(3056,'用户注销','2019-02-19 17:19:43','登出操作',1),(3057,'登录系统','2019-02-20 10:21:59','登录操作',1),(3058,'分页查询商品库存信息','2019-02-20 10:22:01','查询操作',1),(3059,'查询库存报警商品信息','2019-02-20 10:22:11','查询操作',1),(3060,'分页查询商品信息','2019-02-20 10:22:16','查询操作',1),(3061,'分页查询商品信息','2019-02-20 10:22:16','查询操作',1),(3062,'查询库存报警商品信息','2019-02-20 10:22:37','查询操作',1),(3063,'查询库存报警商品信息','2019-02-20 10:22:57','查询操作',1),(3064,'查询库存报警商品信息','2019-02-20 10:23:12','查询操作',1),(3065,'查询库存报警商品信息','2019-02-20 10:23:21','查询操作',1),(3066,'查询库存报警商品信息','2019-02-20 10:23:37','查询操作',1),(3067,'查询库存报警商品信息','2019-02-20 10:24:21','查询操作',1),(3068,'分页查询商品库存信息','2019-02-20 10:24:58','查询操作',1),(3069,'查询库存报警商品信息','2019-02-20 10:25:01','查询操作',1),(3070,'查询库存报警商品信息','2019-02-20 10:25:18','查询操作',1),(3071,'分页查询商品信息','2019-02-20 10:25:27','查询操作',1),(3072,'分页查询商品信息','2019-02-20 10:25:27','查询操作',1),(3073,'分页查询商品信息','2019-02-20 10:25:39','查询操作',1),(3074,'分页查询商品信息','2019-02-20 10:25:39','查询操作',1),(3075,'分页查询客户','2019-02-20 10:25:48','查询操作',1),(3076,'分页查询客户','2019-02-20 10:25:48','查询操作',1),(3077,'登录系统','2019-02-20 10:48:10','登录操作',1),(3078,'分页查询商品库存信息','2019-02-20 10:48:11','查询操作',1),(3079,'销售单据查询','2019-02-20 10:48:56','查询操作',1),(3080,'销售单据查询','2019-02-20 10:48:56','查询操作',1),(3081,'分页查询商品信息','2019-02-20 10:49:49','查询操作',1),(3082,'分页查询商品信息','2019-02-20 10:49:49','查询操作',1),(3083,'登录系统','2019-02-20 10:54:11','登录操作',1),(3084,'分页查询商品库存信息','2019-02-20 10:54:13','查询操作',1),(3085,'分页查询商品信息','2019-02-20 10:54:15','查询操作',1),(3086,'分页查询商品信息','2019-02-20 10:54:16','查询操作',1),(3087,'登录系统','2019-02-20 11:05:09','登录操作',1),(3088,'分页查询商品库存信息','2019-02-20 11:05:11','查询操作',1),(3089,'分页查询商品信息','2019-02-20 11:05:31','查询操作',1),(3090,'分页查询商品信息','2019-02-20 11:05:31','查询操作',1),(3091,'登录系统','2019-02-20 16:32:56','登录操作',1),(3092,'分页查询商品库存信息','2019-02-20 16:32:57','查询操作',1),(3093,'登录系统','2019-02-20 16:50:54','登录操作',1),(3094,'分页查询商品库存信息','2019-02-20 16:50:54','查询操作',1),(3095,'登录系统','2019-02-20 16:53:47','登录操作',1),(3096,'分页查询商品库存信息','2019-02-20 16:53:48','查询操作',1),(3097,'分页查询商品库存信息','2019-02-20 16:53:49','查询操作',1),(3098,'分页查询商品库存信息','2019-02-20 16:53:50','查询操作',1),(3099,'分页查询商品库存信息','2019-02-20 16:53:51','查询操作',1),(3100,'分页查询商品库存信息','2019-02-20 16:53:52','查询操作',1),(3101,'分页查询商品库存信息','2019-02-20 16:53:54','查询操作',1),(3102,'分页查询商品信息','2019-02-20 16:53:57','查询操作',1),(3103,'分页查询商品信息','2019-02-20 16:53:57','查询操作',1),(3104,'分页查询商品库存信息','2019-02-20 16:53:59','查询操作',1),(3105,'分页查询商品库存信息','2019-02-20 16:54:12','查询操作',1),(3106,'分页查询商品信息','2019-02-20 16:54:20','查询操作',1),(3107,'分页查询商品信息','2019-02-20 16:54:20','查询操作',1),(3108,'分页查询商品库存信息','2019-02-20 16:54:32','查询操作',1),(3109,'分页查询供应商','2019-02-20 16:54:34','查询操作',1),(3110,'分页查询供应商','2019-02-20 16:54:34','查询操作',1),(3111,'分页查询客户','2019-02-20 16:54:35','查询操作',1),(3112,'分页查询客户','2019-02-20 16:54:36','查询操作',1),(3113,'登录系统','2019-02-20 17:10:25','登录操作',1),(3114,'分页查询商品库存信息','2019-02-20 17:10:26','查询操作',1),(3115,'分页查询客户','2019-02-20 17:10:45','查询操作',1),(3116,'分页查询客户','2019-02-20 17:10:45','查询操作',1),(3117,'分页查询角色信息','2019-02-20 17:10:47','查询操作',1),(3118,'分页查询角色信息','2019-02-20 17:10:47','查询操作',1),(3119,'分页查询商品信息','2019-02-20 17:10:48','查询操作',1),(3120,'分页查询商品信息','2019-02-20 17:10:49','查询操作',1),(3121,'分页查询商品信息','2019-02-20 17:10:49','查询操作',1),(3122,'分页查询商品信息','2019-02-20 17:10:49','查询操作',1),(3123,'进货单据查询','2019-02-20 17:11:03','查询操作',1),(3124,'退货单据查询','2019-02-20 17:11:03','查询操作',1),(3125,'进货单据查询','2019-02-20 17:11:16','查询操作',1),(3126,'退货单据查询','2019-02-20 17:11:16','查询操作',1),(3127,'分页查询商品库存信息','2019-02-20 17:11:38','查询操作',1),(3128,'分页查询商品库存信息','2019-02-20 17:11:39','查询操作',1),(3129,'进货单据查询','2019-02-20 17:11:42','查询操作',1),(3130,'退货单据查询','2019-02-20 17:11:42','查询操作',1),(3131,'分页查询商品库存信息','2019-02-20 17:12:00','查询操作',1),(3132,'分页查询商品库存信息','2019-02-20 17:12:01','查询操作',1),(3133,'进货单据查询','2019-02-20 17:12:03','查询操作',1),(3134,'退货单据查询','2019-02-20 17:12:03','查询操作',1),(3135,'进货单商品信息查询','2019-02-20 17:12:09','查询操作',1),(3136,'进货单商品信息查询','2019-02-20 17:12:10','查询操作',1),(3137,'进货单商品信息查询','2019-02-20 17:12:12','查询操作',1),(3138,'分页查询商品库存信息','2019-02-20 17:12:40','查询操作',1),(3139,'进货单据查询','2019-02-20 17:12:47','查询操作',1),(3140,'退货单据查询','2019-02-20 17:12:47','查询操作',1),(3141,'进货单商品信息查询','2019-02-20 17:12:59','查询操作',1),(3142,'进货单据查询','2019-02-20 17:13:19','查询操作',1),(3143,'进货单据查询','2019-02-20 17:13:19','查询操作',1),(3144,'进货单商品信息查询','2019-02-20 17:13:20','查询操作',1),(3145,'分页查询商品库存信息','2019-02-20 17:14:17','查询操作',1),(3146,'分页查询商品库存信息','2019-02-20 17:14:18','查询操作',1),(3147,'分页查询供应商','2019-02-20 17:14:23','查询操作',1),(3148,'分页查询供应商','2019-02-20 17:14:23','查询操作',1),(3149,'退货单据查询','2019-02-20 17:14:43','查询操作',1),(3150,'进货单据查询','2019-02-20 17:14:43','查询操作',1),(3151,'退货单商品信息查询','2019-02-20 17:14:44','查询操作',1),(3152,'进货单商品信息查询','2019-02-20 17:14:46','查询操作',1),(3153,'分页查询商品库存信息','2019-02-20 17:14:53','查询操作',1),(3154,'商品报损单据查询','2019-02-20 17:14:55','查询操作',1),(3155,'商品报损单据查询','2019-02-20 17:14:56','查询操作',1),(3156,'商品报损单商品信息查询','2019-02-20 17:14:57','查询操作',1),(3157,'分页查询商品库存信息','2019-02-20 17:15:53','查询操作',1),(3158,'商品报损单据查询','2019-02-20 17:15:54','查询操作',1),(3159,'商品报损单商品信息查询','2019-02-20 17:15:55','查询操作',1),(3160,'分页查询商品库存信息','2019-02-20 17:16:00','查询操作',1),(3161,'商品报损单据查询','2019-02-20 17:16:03','查询操作',1),(3162,'商品报损单商品信息查询','2019-02-20 17:16:04','查询操作',1),(3163,'查询库存报警商品信息','2019-02-20 17:16:06','查询操作',1),(3164,'分页查询商品信息','2019-02-20 17:16:09','查询操作',1),(3165,'分页查询商品信息','2019-02-20 17:16:09','查询操作',1),(3166,'查询商品类别信息','2019-02-20 17:16:13','查询操作',1),(3167,'登录系统','2019-02-20 17:17:43','登录操作',1),(3168,'分页查询商品库存信息','2019-02-20 17:17:44','查询操作',1),(3169,'分页查询商品信息','2019-02-20 17:17:54','查询操作',1),(3170,'分页查询商品信息','2019-02-20 17:17:54','查询操作',1),(3171,'分页查询商品信息','2019-02-20 17:18:02','查询操作',1),(3172,'分页查询商品信息','2019-02-20 17:18:03','查询操作',1),(3173,'分页查询商品信息','2019-02-20 17:18:05','查询操作',1),(3174,'分页查询商品信息','2019-02-20 17:18:06','查询操作',1),(3175,'分页查询商品信息','2019-02-20 17:18:24','查询操作',1),(3176,'分页查询商品信息','2019-02-20 17:18:25','查询操作',1),(3177,'退货单据查询','2019-02-20 17:18:43','查询操作',1),(3178,'退货单据查询','2019-02-20 17:18:43','查询操作',1),(3179,'分页查询商品信息','2019-02-20 17:18:45','查询操作',1),(3180,'分页查询商品信息','2019-02-20 17:18:46','查询操作',1),(3181,'查询商品类别信息','2019-02-20 17:18:51','查询操作',1),(3182,'分页查询商品信息','2019-02-20 17:18:53','查询操作',1),(3183,'分页查询商品信息','2019-02-20 17:18:54','查询操作',1),(3184,'查询商品类别信息','2019-02-20 17:18:55','查询操作',1),(3185,'登录系统','2019-02-20 17:30:40','登录操作',1),(3186,'分页查询商品库存信息','2019-02-20 17:30:42','查询操作',1),(3187,'分页查询商品库存信息','2019-02-20 17:32:46','查询操作',1),(3188,'进货单据查询','2019-02-20 17:32:49','查询操作',1),(3189,'退货单据查询','2019-02-20 17:32:49','查询操作',1),(3190,'退货单商品信息查询','2019-02-20 17:32:53','查询操作',1),(3191,'进货单商品信息查询','2019-02-20 17:32:54','查询操作',1),(3192,'退货单商品信息查询','2019-02-20 17:33:03','查询操作',1),(3193,'分页查询商品库存信息','2019-02-20 17:33:06','查询操作',1),(3194,'商品报损单据查询','2019-02-20 17:33:09','查询操作',1),(3195,'商品报损单商品信息查询','2019-02-20 17:33:10','查询操作',1),(3196,'查询库存报警商品信息','2019-02-20 17:33:55','查询操作',1),(3197,'分页查询商品信息','2019-02-20 17:34:00','查询操作',1),(3198,'分页查询商品信息','2019-02-20 17:34:00','查询操作',1),(3199,'客户退货单据查询','2019-02-20 17:34:32','查询操作',1),(3200,'客户退货单据查询','2019-02-20 17:34:32','查询操作',1),(3201,'客户退货单商品信息查询','2019-02-20 17:34:33','查询操作',1),(3202,'分页查询商品信息','2019-02-20 17:35:00','查询操作',1),(3203,'分页查询商品信息','2019-02-20 17:35:00','查询操作',1),(3204,'分页查询商品库存信息','2019-02-20 17:36:22','查询操作',1),(3205,'登录系统','2019-02-20 17:36:33','登录操作',1),(3206,'分页查询商品库存信息','2019-02-20 17:36:35','查询操作',1),(3207,'分页查询商品信息','2019-02-20 17:36:37','查询操作',1),(3208,'分页查询商品信息','2019-02-20 17:36:37','查询操作',1),(3209,'查询商品类别信息','2019-02-20 17:36:39','查询操作',1),(3210,'分页查询商品信息','2019-02-20 17:36:45','查询操作',1),(3211,'分页查询商品信息','2019-02-20 17:36:45','查询操作',1),(3212,'查询商品类别信息','2019-02-20 17:36:46','查询操作',1),(3213,'销售单据查询','2019-02-20 17:36:51','查询操作',1),(3214,'销售单据查询','2019-02-20 17:36:51','查询操作',1),(3215,'销售单商品信息查询','2019-02-20 17:36:52','查询操作',1),(3216,'客户退货单据查询','2019-02-20 17:36:53','查询操作',1),(3217,'客户退货单据查询','2019-02-20 17:36:54','查询操作',1),(3218,'客户退货单商品信息查询','2019-02-20 17:36:54','查询操作',1),(3219,'分页查询商品信息','2019-02-20 17:36:56','查询操作',1),(3220,'分页查询商品信息','2019-02-20 17:36:56','查询操作',1),(3221,'查询商品类别信息','2019-02-20 17:36:57','查询操作',1),(3222,'分页查询商品信息','2019-02-20 17:37:01','查询操作',1),(3223,'分页查询商品信息','2019-02-20 17:37:01','查询操作',1),(3224,'查询商品类别信息','2019-02-20 17:37:02','查询操作',1),(3225,'查询库存报警商品信息','2019-02-20 17:37:07','查询操作',1),(3226,'商品报损单据查询','2019-02-20 17:37:09','查询操作',1),(3227,'商品报损单商品信息查询','2019-02-20 17:37:28','查询操作',1),(3228,'分页查询商品库存信息','2019-02-20 17:37:29','查询操作',1),(3229,'退货单据查询','2019-02-20 17:37:31','查询操作',1),(3230,'进货单据查询','2019-02-20 17:37:31','查询操作',1),(3231,'进货单商品信息查询','2019-02-20 17:37:32','查询操作',1),(3232,'退货单商品信息查询','2019-02-20 17:37:34','查询操作',1),(3233,'分页查询商品信息','2019-02-20 17:37:47','查询操作',1),(3234,'分页查询商品信息','2019-02-20 17:37:47','查询操作',1),(3235,'查询商品类别信息','2019-02-20 17:37:48','查询操作',1),(3236,'分页查询商品库存信息','2019-02-20 17:38:49','查询操作',1),(3237,'分页查询商品库存信息','2019-02-20 17:39:00','查询操作',1),(3238,'分页查询商品库存信息','2019-02-20 17:39:05','查询操作',1),(3239,'退货单据查询','2019-02-20 17:39:07','查询操作',1),(3240,'退货单据查询','2019-02-20 17:39:08','查询操作',1),(3241,'商品报损单据查询','2019-02-20 17:39:11','查询操作',1),(3242,'商品报损单商品信息查询','2019-02-20 17:39:13','查询操作',1),(3243,'查询库存报警商品信息','2019-02-20 17:39:21','查询操作',1),(3244,'登录系统','2019-02-20 17:40:03','登录操作',1),(3245,'分页查询商品库存信息','2019-02-20 17:40:04','查询操作',1),(3246,'分页查询商品信息','2019-02-20 17:40:06','查询操作',1),(3247,'分页查询商品信息','2019-02-20 17:40:06','查询操作',1),(3248,'查询商品类别信息','2019-02-20 17:40:07','查询操作',1),(3249,'分页查询商品信息','2019-02-20 17:40:12','查询操作',1),(3250,'分页查询商品信息','2019-02-20 17:40:12','查询操作',1),(3251,'查询商品类别信息','2019-02-20 17:40:13','查询操作',1),(3252,'进货单据查询','2019-02-20 17:40:17','查询操作',1),(3253,'进货单据查询','2019-02-20 17:40:17','查询操作',1),(3254,'进货单商品信息查询','2019-02-20 17:40:17','查询操作',1),(3255,'退货单据查询','2019-02-20 17:40:20','查询操作',1),(3256,'退货单据查询','2019-02-20 17:40:20','查询操作',1),(3257,'退货单商品信息查询','2019-02-20 17:40:20','查询操作',1),(3258,'查询库存报警商品信息','2019-02-20 17:40:33','查询操作',1),(3259,'分页查询商品库存信息','2019-02-20 17:40:53','查询操作',1),(3260,'退货单据查询','2019-02-20 17:41:27','查询操作',1),(3261,'进货单据查询','2019-02-20 17:41:27','查询操作',1),(3262,'进货单商品信息查询','2019-02-20 17:41:29','查询操作',1),(3263,'退货单商品信息查询','2019-02-20 17:41:31','查询操作',1),(3264,'分页查询商品库存信息','2019-02-20 17:47:25','查询操作',1),(3265,'登录系统','2019-02-21 11:01:08','登录操作',1),(3266,'分页查询商品库存信息','2019-02-21 11:01:11','查询操作',1),(3267,'退货单据查询','2019-02-21 11:01:21','查询操作',1),(3268,'进货单据查询','2019-02-21 11:01:21','查询操作',1),(3269,'退货单商品信息查询','2019-02-21 11:01:24','查询操作',1),(3270,'进货单据查询','2019-02-21 11:01:28','查询操作',1),(3271,'退货单据查询','2019-02-21 11:01:28','查询操作',1),(3272,'退货单据查询','2019-02-21 11:01:31','查询操作',1),(3273,'进货单据查询','2019-02-21 11:01:31','查询操作',1),(3274,'退货单商品信息查询','2019-02-21 11:01:35','查询操作',1),(3275,'进货单据查询','2019-02-21 11:02:31','查询操作',1),(3276,'退货单据查询','2019-02-21 11:02:31','查询操作',1),(3277,'进货单商品信息查询','2019-02-21 11:02:33','查询操作',1),(3278,'登录系统','2019-02-21 11:05:38','登录操作',1),(3279,'分页查询商品库存信息','2019-02-21 11:05:39','查询操作',1),(3280,'退货单据查询','2019-02-21 11:06:02','查询操作',1),(3281,'进货单据查询','2019-02-21 11:06:02','查询操作',1),(3282,'进货单据查询','2019-02-21 11:06:18','查询操作',1),(3283,'退货单据查询','2019-02-21 11:06:18','查询操作',1),(3284,'进货单商品信息查询','2019-02-21 11:06:19','查询操作',1),(3285,'登录系统','2019-02-21 11:10:28','登录操作',1),(3286,'分页查询商品库存信息','2019-02-21 11:10:30','查询操作',1),(3287,'退货单据查询','2019-02-21 11:10:35','查询操作',1),(3288,'进货单据查询','2019-02-21 11:10:35','查询操作',1),(3289,'进货单商品信息查询','2019-02-21 11:10:48','查询操作',1),(3290,'支付结算进货单：JH1550048597876','2019-02-21 11:10:53','删除操作',1),(3291,'进货单据查询','2019-02-21 11:10:53','查询操作',1),(3292,'退货单据查询','2019-02-21 11:10:53','查询操作',1),(3293,'进货单商品信息查询','2019-02-21 11:12:36','查询操作',1),(3294,'退货单商品信息查询','2019-02-21 11:12:37','查询操作',1),(3295,'登录系统','2019-02-21 11:19:39','登录操作',1),(3296,'分页查询商品库存信息','2019-02-21 11:19:40','查询操作',1),(3297,'分页查询商品信息','2019-02-21 11:23:39','查询操作',1),(3298,'分页查询商品信息','2019-02-21 11:23:39','查询操作',1),(3299,'分页查询供应商','2019-02-21 11:23:42','查询操作',1),(3300,'分页查询供应商','2019-02-21 11:23:42','查询操作',1),(3301,'退货单据查询','2019-02-21 11:23:45','查询操作',1),(3302,'进货单据查询','2019-02-21 11:23:45','查询操作',1),(3303,'分页查询商品库存信息','2019-02-21 11:27:07','查询操作',1),(3304,'进货单据查询','2019-02-21 11:27:11','查询操作',1),(3305,'退货单据查询','2019-02-21 11:27:11','查询操作',1),(3306,'退货单商品信息查询','2019-02-21 11:27:13','查询操作',1),(3307,'支付结算退货单：TH1549940820089','2019-02-21 11:27:16','删除操作',1),(3308,'进货单据查询','2019-02-21 11:27:16','查询操作',1),(3309,'退货单据查询','2019-02-21 11:27:16','查询操作',1),(3310,'进货单商品信息查询','2019-02-21 11:27:19','查询操作',1),(3311,'支付结算进货单：JH1550048597876','2019-02-21 11:27:27','删除操作',1),(3312,'退货单据查询','2019-02-21 11:27:27','查询操作',1),(3313,'进货单据查询','2019-02-21 11:27:27','查询操作',1),(3314,'分页查询商品库存信息','2019-02-21 11:27:34','查询操作',1),(3315,'进货单据查询','2019-02-21 11:27:37','查询操作',1),(3316,'退货单据查询','2019-02-21 11:27:37','查询操作',1),(3317,'进货单商品信息查询','2019-02-21 11:27:37','查询操作',1),(3318,'支付结算进货单：JH1550048597876','2019-02-21 11:27:39','删除操作',1),(3319,'退货单据查询','2019-02-21 11:27:39','查询操作',1),(3320,'进货单据查询','2019-02-21 11:27:39','查询操作',1),(3321,'分页查询商品库存信息','2019-02-21 11:28:54','查询操作',1),(3322,'分页查询商品库存信息','2019-02-21 11:28:56','查询操作',1),(3323,'分页查询供应商','2019-02-21 11:31:37','查询操作',1),(3324,'分页查询供应商','2019-02-21 11:31:37','查询操作',1),(3325,'退货单据查询','2019-02-21 11:31:39','查询操作',1),(3326,'进货单据查询','2019-02-21 11:31:39','查询操作',1),(3327,'退货单商品信息查询','2019-02-21 11:31:40','查询操作',1),(3328,'分页查询商品库存信息','2019-02-21 11:32:10','查询操作',1),(3329,'进货单据查询','2019-02-21 11:32:16','查询操作',1),(3330,'退货单据查询','2019-02-21 11:32:16','查询操作',1),(3331,'进货单商品信息查询','2019-02-21 11:32:17','查询操作',1),(3332,'分页查询商品库存信息','2019-02-21 11:32:47','查询操作',1),(3333,'分页查询商品库存信息','2019-02-21 11:32:48','查询操作',1),(3334,'进货单据查询','2019-02-21 11:32:51','查询操作',1),(3335,'退货单据查询','2019-02-21 11:32:51','查询操作',1),(3336,'进货单商品信息查询','2019-02-21 11:32:51','查询操作',1),(3337,'进货单据查询','2019-02-21 11:33:10','查询操作',1),(3338,'退货单据查询','2019-02-21 11:33:10','查询操作',1),(3339,'进货单商品信息查询','2019-02-21 11:33:11','查询操作',1),(3340,'支付结算进货单：JH1550048597876','2019-02-21 11:33:12','删除操作',1),(3341,'进货单据查询','2019-02-21 11:33:13','查询操作',1),(3342,'退货单据查询','2019-02-21 11:33:13','查询操作',1),(3343,'登录系统','2019-02-21 14:51:02','登录操作',1),(3344,'分页查询商品库存信息','2019-02-21 14:51:05','查询操作',1),(3345,'销售单据查询','2019-02-21 14:51:09','查询操作',1),(3346,'客户退货单据查询','2019-02-21 14:51:09','查询操作',1),(3347,'退货单据查询','2019-02-21 14:51:19','查询操作',1),(3348,'进货单据查询','2019-02-21 14:51:19','查询操作',1),(3349,'分页查询商品库存信息','2019-02-21 14:52:08','查询操作',1),(3350,'销售单据查询','2019-02-21 14:52:09','查询操作',1),(3351,'客户退货单据查询','2019-02-21 14:52:09','查询操作',1),(3352,'销售单商品信息查询','2019-02-21 14:52:13','查询操作',1),(3353,'客户退货单商品信息查询','2019-02-21 14:52:15','查询操作',1),(3354,'销售单商品信息查询','2019-02-21 14:52:17','查询操作',1),(3355,'销售单据查询','2019-02-21 14:52:24','查询操作',1),(3356,'客户退货单据查询','2019-02-21 14:52:24','查询操作',1),(3357,'客户退货单据查询','2019-02-21 14:52:29','查询操作',1),(3358,'销售单据查询','2019-02-21 14:52:29','查询操作',1),(3359,'销售单据查询','2019-02-21 14:52:32','查询操作',1),(3360,'客户退货单据查询','2019-02-21 14:52:32','查询操作',1),(3361,'客户退货单据查询','2019-02-21 14:52:38','查询操作',1),(3362,'销售单据查询','2019-02-21 14:52:38','查询操作',1),(3363,'客户退货单据查询','2019-02-21 14:52:41','查询操作',1),(3364,'销售单据查询','2019-02-21 14:52:41','查询操作',1),(3365,'销售单据查询','2019-02-21 14:52:45','查询操作',1),(3366,'客户退货单据查询','2019-02-21 14:52:45','查询操作',1),(3367,'登录系统','2019-02-21 14:53:03','登录操作',1),(3368,'分页查询商品库存信息','2019-02-21 14:53:04','查询操作',1),(3369,'分页查询客户','2019-02-21 14:53:06','查询操作',1),(3370,'分页查询客户','2019-02-21 14:53:06','查询操作',1),(3371,'销售单据查询','2019-02-21 14:53:10','查询操作',1),(3372,'客户退货单据查询','2019-02-21 14:53:10','查询操作',1),(3373,'销售单商品信息查询','2019-02-21 14:53:12','查询操作',1),(3374,'分页查询商品库存信息','2019-02-21 14:53:54','查询操作',1),(3375,'客户退货单据查询','2019-02-21 14:53:55','查询操作',1),(3376,'销售单据查询','2019-02-21 14:53:55','查询操作',1),(3377,'销售单商品信息查询','2019-02-21 14:53:57','查询操作',1),(3378,'客户退货单据查询','2019-02-21 14:54:09','查询操作',1),(3379,'销售单据查询','2019-02-21 14:54:09','查询操作',1),(3380,'客户退货单据查询','2019-02-21 14:54:14','查询操作',1),(3381,'销售单据查询','2019-02-21 14:54:14','查询操作',1),(3382,'分页查询商品库存信息','2019-02-21 14:55:54','查询操作',1),(3383,'销售单据查询','2019-02-21 14:55:54','查询操作',1),(3384,'客户退货单据查询','2019-02-21 14:55:54','查询操作',1),(3385,'销售单据查询','2019-02-21 14:56:11','查询操作',1),(3386,'客户退货单据查询','2019-02-21 14:56:11','查询操作',1),(3387,'客户退货单据查询','2019-02-21 14:56:13','查询操作',1),(3388,'销售单据查询','2019-02-21 14:56:13','查询操作',1),(3389,'销售单商品信息查询','2019-02-21 14:56:19','查询操作',1),(3390,'客户退货单据查询','2019-02-21 14:56:33','查询操作',1),(3391,'销售单据查询','2019-02-21 14:56:33','查询操作',1),(3392,'销售单据查询','2019-02-21 14:56:54','查询操作',1),(3393,'客户退货单据查询','2019-02-21 14:56:54','查询操作',1),(3394,'客户退货单商品信息查询','2019-02-21 14:56:56','查询操作',1),(3395,'销售单商品信息查询','2019-02-21 14:56:59','查询操作',1),(3396,'登录系统','2019-02-21 14:59:12','登录操作',1),(3397,'分页查询商品库存信息','2019-02-21 14:59:13','查询操作',1),(3398,'销售单据查询','2019-02-21 14:59:18','查询操作',1),(3399,'客户退货单据查询','2019-02-21 14:59:18','查询操作',1),(3400,'销售单商品信息查询','2019-02-21 14:59:20','查询操作',1),(3401,'支付结算销售单：XS1550133166343','2019-02-21 14:59:22','删除操作',1),(3402,'客户退货单据查询','2019-02-21 14:59:22','查询操作',1),(3403,'销售单据查询','2019-02-21 14:59:22','查询操作',1),(3404,'登录系统','2019-02-25 10:57:23','登录操作',1),(3405,'分页查询商品库存信息','2019-02-25 10:57:25','查询操作',1),(3406,'销售单据查询','2019-02-25 10:57:29','查询操作',1),(3407,'客户退货单据查询','2019-02-25 10:57:29','查询操作',1),(3408,'查询商品类别信息','2019-02-25 11:00:56','查询操作',1),(3409,'查询商品类别信息','2019-02-25 11:01:16','查询操作',1),(3410,'查询商品类别信息','2019-02-25 11:01:22','查询操作',1),(3411,'查询商品类别信息','2019-02-25 11:01:28','查询操作',1),(3412,'查询商品类别信息','2019-02-25 11:01:35','查询操作',1),(3413,'查询商品类别信息','2019-02-25 11:01:41','查询操作',1),(3414,'查询商品类别信息','2019-02-25 11:01:47','查询操作',1),(3415,'查询商品类别信息','2019-02-25 11:01:56','查询操作',1),(3416,'查询商品类别信息','2019-02-25 11:02:04','查询操作',1),(3417,'查询商品类别信息','2019-02-25 11:02:10','查询操作',1),(3418,'查询商品类别信息','2019-02-25 11:02:12','查询操作',1),(3419,'查询商品类别信息','2019-02-25 11:02:14','查询操作',1),(3420,'查询商品类别信息','2019-02-25 11:05:47','查询操作',1),(3421,'分页查询商品库存信息','2019-02-25 11:13:18','查询操作',1),(3422,'登录系统','2019-02-25 11:15:47','登录操作',1),(3423,'分页查询商品库存信息','2019-02-25 11:15:49','查询操作',1),(3424,'登录系统','2019-02-25 11:22:23','登录操作',1),(3425,'分页查询商品库存信息','2019-02-25 11:22:25','查询操作',1),(3426,'分页查询商品库存信息','2019-02-25 11:25:09','查询操作',1),(3427,'进货商品统计查询','2019-02-25 11:25:18','查询操作',1),(3428,'登录系统','2019-02-25 11:33:28','登录操作',1),(3429,'分页查询商品库存信息','2019-02-25 11:33:29','查询操作',1),(3430,'进货商品统计查询','2019-02-25 11:33:33','查询操作',1),(3431,'退货商品统计查询','2019-02-25 11:33:33','查询操作',1),(3432,'进货商品统计查询','2019-02-25 11:33:49','查询操作',1),(3433,'退货商品统计查询','2019-02-25 11:33:49','查询操作',1),(3434,'退货商品统计查询','2019-02-25 11:33:56','查询操作',1),(3435,'进货商品统计查询','2019-02-25 11:33:56','查询操作',1),(3436,'进货商品统计查询','2019-02-25 11:34:36','查询操作',1),(3437,'退货商品统计查询','2019-02-25 11:34:36','查询操作',1),(3438,'进货商品统计查询','2019-02-25 11:35:06','查询操作',1),(3439,'退货商品统计查询','2019-02-25 11:35:06','查询操作',1),(3440,'退货商品统计查询','2019-02-25 11:35:45','查询操作',1),(3441,'进货商品统计查询','2019-02-25 11:35:45','查询操作',1),(3442,'查询商品类别信息','2019-02-25 11:35:55','查询操作',1),(3443,'退货商品统计查询','2019-02-25 11:36:00','查询操作',1),(3444,'进货商品统计查询','2019-02-25 11:36:00','查询操作',1),(3445,'退货商品统计查询','2019-02-25 11:36:03','查询操作',1),(3446,'进货商品统计查询','2019-02-25 11:36:03','查询操作',1),(3447,'退货商品统计查询','2019-02-25 11:36:24','查询操作',1),(3448,'进货商品统计查询','2019-02-25 11:36:24','查询操作',1),(3449,'退货商品统计查询','2019-02-25 11:36:31','查询操作',1),(3450,'进货商品统计查询','2019-02-25 11:36:31','查询操作',1),(3451,'退货商品统计查询','2019-02-25 11:36:31','查询操作',1),(3452,'进货商品统计查询','2019-02-25 11:36:31','查询操作',1),(3453,'查询商品类别信息','2019-02-25 11:36:32','查询操作',1),(3454,'登录系统','2019-02-25 11:38:17','登录操作',1),(3455,'分页查询商品库存信息','2019-02-25 11:38:18','查询操作',1),(3456,'退货商品统计查询','2019-02-25 11:38:24','查询操作',1),(3457,'进货商品统计查询','2019-02-25 11:38:31','查询操作',1),(3458,'查询商品类别信息','2019-02-25 11:38:45','查询操作',1),(3459,'退货商品统计查询','2019-02-25 11:38:47','查询操作',1),(3460,'进货商品统计查询','2019-02-25 11:39:19','查询操作',1),(3461,'退货商品统计查询','2019-02-25 11:40:00','查询操作',1),(3462,'进货商品统计查询','2019-02-25 11:40:02','查询操作',1),(3463,'查询商品类别信息','2019-02-25 11:40:04','查询操作',1),(3464,'退货商品统计查询','2019-02-25 11:40:08','查询操作',1),(3465,'进货商品统计查询','2019-02-25 11:40:10','查询操作',1),(3466,'进货商品统计查询','2019-02-25 11:41:31','查询操作',1),(3467,'退货商品统计查询','2019-02-25 11:41:31','查询操作',1),(3468,'查询商品类别信息','2019-02-25 11:41:33','查询操作',1),(3469,'退货商品统计查询','2019-02-25 11:41:34','查询操作',1),(3470,'进货商品统计查询','2019-02-25 11:41:34','查询操作',1),(3471,'查询商品类别信息','2019-02-25 11:41:36','查询操作',1),(3472,'退货商品统计查询','2019-02-25 11:41:40','查询操作',1),(3473,'进货商品统计查询','2019-02-25 11:41:40','查询操作',1),(3474,'查询商品类别信息','2019-02-25 11:41:41','查询操作',1),(3475,'退货商品统计查询','2019-02-25 11:41:44','查询操作',1),(3476,'进货商品统计查询','2019-02-25 11:41:44','查询操作',1),(3477,'查询商品类别信息','2019-02-25 11:41:45','查询操作',1),(3478,'进货商品统计查询','2019-02-25 11:41:47','查询操作',1),(3479,'退货商品统计查询','2019-02-25 11:41:47','查询操作',1),(3480,'查询商品类别信息','2019-02-25 11:41:49','查询操作',1),(3481,'进货商品统计查询','2019-02-25 11:41:53','查询操作',1),(3482,'退货商品统计查询','2019-02-25 11:41:53','查询操作',1),(3483,'查询商品类别信息','2019-02-25 11:42:06','查询操作',1),(3484,'进货商品统计查询','2019-02-25 11:42:07','查询操作',1),(3485,'退货商品统计查询','2019-02-25 11:42:07','查询操作',1),(3486,'进货商品统计查询','2019-02-25 11:42:11','查询操作',1),(3487,'退货商品统计查询','2019-02-25 11:42:11','查询操作',1),(3488,'退货商品统计查询','2019-02-25 11:42:18','查询操作',1),(3489,'进货商品统计查询','2019-02-25 11:42:18','查询操作',1),(3490,'退货商品统计查询','2019-02-25 11:43:40','查询操作',1),(3491,'进货商品统计查询','2019-02-25 11:43:40','查询操作',1),(3492,'登录系统','2019-02-25 11:50:36','登录操作',1),(3493,'分页查询商品库存信息','2019-02-25 11:50:38','查询操作',1),(3494,'进货商品统计查询','2019-02-25 11:50:40','查询操作',1),(3495,'退货商品统计查询','2019-02-25 11:50:40','查询操作',1),(3496,'查询商品类别信息','2019-02-25 11:50:41','查询操作',1),(3497,'进货商品统计查询','2019-02-25 11:50:44','查询操作',1),(3498,'退货商品统计查询','2019-02-25 11:50:44','查询操作',1),(3499,'查询商品类别信息','2019-02-25 11:50:45','查询操作',1),(3500,'退货商品统计查询','2019-02-25 11:50:47','查询操作',1),(3501,'进货商品统计查询','2019-02-25 11:50:47','查询操作',1),(3502,'查询商品类别信息','2019-02-25 11:50:53','查询操作',1),(3503,'查询商品类别信息','2019-02-25 11:50:53','查询操作',1),(3504,'进货商品统计查询','2019-02-25 11:50:55','查询操作',1),(3505,'退货商品统计查询','2019-02-25 11:50:55','查询操作',1),(3506,'查询商品类别信息','2019-02-25 11:50:58','查询操作',1),(3507,'查询商品类别信息','2019-02-25 11:50:58','查询操作',1),(3508,'退货商品统计查询','2019-02-25 11:51:00','查询操作',1),(3509,'进货商品统计查询','2019-02-25 11:51:00','查询操作',1),(3510,'登录系统','2019-02-25 14:51:34','登录操作',1),(3511,'分页查询商品库存信息','2019-02-25 14:51:36','查询操作',1),(3512,'销售商品统计查询','2019-02-25 14:51:45','查询操作',1),(3513,'客户退货商品统计查询','2019-02-25 14:51:45','查询操作',1),(3514,'查询商品类别信息','2019-02-25 14:51:55','查询操作',1),(3515,'客户退货商品统计查询','2019-02-25 14:52:00','查询操作',1),(3516,'销售商品统计查询','2019-02-25 14:52:00','查询操作',1),(3517,'查询商品类别信息','2019-02-25 14:52:01','查询操作',1),(3518,'查询商品类别信息','2019-02-25 14:52:01','查询操作',1),(3519,'销售商品统计查询','2019-02-25 14:52:04','查询操作',1),(3520,'客户退货商品统计查询','2019-02-25 14:52:04','查询操作',1),(3521,'查询商品类别信息','2019-02-25 14:52:04','查询操作',1),(3522,'查询商品类别信息','2019-02-25 14:52:05','查询操作',1),(3523,'销售商品统计查询','2019-02-25 14:52:06','查询操作',1),(3524,'客户退货商品统计查询','2019-02-25 14:52:06','查询操作',1),(3525,'查询商品类别信息','2019-02-25 14:52:07','查询操作',1),(3526,'查询商品类别信息','2019-02-25 14:52:08','查询操作',1),(3527,'客户退货商品统计查询','2019-02-25 14:52:12','查询操作',1),(3528,'销售商品统计查询','2019-02-25 14:52:12','查询操作',1),(3529,'客户退货商品统计查询','2019-02-25 14:52:23','查询操作',1),(3530,'销售商品统计查询','2019-02-25 14:52:23','查询操作',1),(3531,'销售商品统计查询','2019-02-25 14:52:26','查询操作',1),(3532,'客户退货商品统计查询','2019-02-25 14:52:26','查询操作',1),(3533,'客户退货商品统计查询','2019-02-25 14:52:33','查询操作',1),(3534,'销售商品统计查询','2019-02-25 14:52:33','查询操作',1),(3535,'销售商品统计查询','2019-02-25 14:52:35','查询操作',1),(3536,'客户退货商品统计查询','2019-02-25 14:52:35','查询操作',1),(3537,'退货单据查询','2019-02-25 14:52:58','查询操作',1),(3538,'进货单据查询','2019-02-25 14:52:58','查询操作',1),(3539,'进货单商品信息查询','2019-02-25 14:52:59','查询操作',1),(3540,'查询库存报警商品信息','2019-02-25 14:53:23','查询操作',1),(3541,'分页查询商品信息（无库存）','2019-02-25 14:53:40','查询操作',1),(3542,'分页查询商品信息（有库存）','2019-02-25 14:53:41','查询操作',1),(3543,'分页查询商品信息','2019-02-25 14:54:08','查询操作',1),(3544,'查询商品类别信息','2019-02-25 14:54:08','查询操作',1),(3545,'查询商品类别信息','2019-02-25 14:54:34','查询操作',1),(3546,'进货商品统计查询','2019-02-25 14:55:12','查询操作',1),(3547,'退货商品统计查询','2019-02-25 14:55:12','查询操作',1),(3548,'销售商品统计查询','2019-02-25 14:55:17','查询操作',1),(3549,'客户退货商品统计查询','2019-02-25 14:55:17','查询操作',1),(3550,'分页查询客户','2019-02-25 14:55:19','查询操作',1),(3551,'分页查询客户','2019-02-25 14:55:19','查询操作',1),(3552,'分页查询商品信息（无库存）','2019-02-25 14:55:38','查询操作',1),(3553,'分页查询商品信息（有库存）','2019-02-25 14:55:38','查询操作',1),(3554,'登录系统','2019-02-25 16:50:01','登录操作',1),(3555,'分页查询商品库存信息','2019-02-25 16:50:03','查询操作',1),(3556,'登录系统','2019-02-26 15:01:48','登录操作',1),(3557,'分页查询商品库存信息','2019-02-26 15:01:51','查询操作',1),(3558,'分页查询角色信息','2019-02-26 15:01:54','查询操作',1),(3559,'分页查询角色信息','2019-02-26 15:01:54','查询操作',1),(3560,'分页查询角色信息','2019-02-26 15:02:35','查询操作',1),(3561,'分页查询角色信息','2019-02-26 15:02:35','查询操作',1),(3562,'分页查询角色信息','2019-02-26 15:03:13','查询操作',1),(3563,'分页查询角色信息','2019-02-26 15:03:13','查询操作',1),(3564,'分页查询角色信息','2019-02-26 15:03:25','查询操作',1),(3565,'分页查询角色信息','2019-02-26 15:03:27','查询操作',1),(3566,'分页查询角色信息','2019-02-26 15:03:29','查询操作',1),(3567,'分页查询角色信息','2019-02-26 15:03:57','查询操作',1),(3568,'分页查询角色信息','2019-02-26 15:03:57','查询操作',1),(3569,'分页查询用户信息','2019-02-26 15:04:10','查询操作',1),(3570,'查询所有角色信息','2019-02-26 15:04:10','查询操作',1),(3571,'分页查询用户信息','2019-02-26 15:04:10','查询操作',1),(3572,'分页查询用户信息','2019-02-26 15:04:42','查询操作',1),(3573,'查询所有角色信息','2019-02-26 15:04:42','查询操作',1),(3574,'分页查询用户信息','2019-02-26 15:04:42','查询操作',1),(3575,'分页查询商品信息（无库存）','2019-02-26 15:07:50','查询操作',1),(3576,'分页查询商品信息（有库存）','2019-02-26 15:07:50','查询操作',1),(3577,'分页查询商品信息（无库存）','2019-02-26 15:08:56','查询操作',1),(3578,'分页查询商品信息（有库存）','2019-02-26 15:08:57','查询操作',1),(3579,'分页查询商品信息（无库存）','2019-02-26 15:09:26','查询操作',1),(3580,'分页查询商品信息（有库存）','2019-02-26 15:09:26','查询操作',1),(3581,'分页查询商品信息（无库存）','2019-02-26 15:10:00','查询操作',1),(3582,'分页查询商品信息（有库存）','2019-02-26 15:10:00','查询操作',1),(3583,'分页查询商品信息（无库存）','2019-02-26 15:11:02','查询操作',1),(3584,'分页查询商品信息（有库存）','2019-02-26 15:11:02','查询操作',1),(3585,'分页查询商品信息（无库存）','2019-02-26 15:11:46','查询操作',1),(3586,'分页查询商品信息（有库存）','2019-02-26 15:11:46','查询操作',1),(3587,'分页查询商品信息','2019-02-26 15:12:45','查询操作',1),(3588,'查询商品类别信息','2019-02-26 15:12:46','查询操作',1),(3589,'分页查询用户信息','2019-02-26 15:13:12','查询操作',1),(3590,'查询所有角色信息','2019-02-26 15:13:12','查询操作',1),(3591,'分页查询用户信息','2019-02-26 15:13:12','查询操作',1),(3592,'分页查询角色信息','2019-02-26 15:13:22','查询操作',1),(3593,'分页查询角色信息','2019-02-26 15:13:22','查询操作',1),(3594,'分页查询角色信息','2019-02-26 15:13:48','查询操作',1),(3595,'分页查询角色信息','2019-02-26 15:13:48','查询操作',1),(3596,'分页查询角色信息','2019-02-26 15:14:12','查询操作',1),(3597,'分页查询角色信息','2019-02-26 15:14:12','查询操作',1),(3598,'分页查询用户信息','2019-02-26 15:14:15','查询操作',1),(3599,'查询所有角色信息','2019-02-26 15:14:15','查询操作',1),(3600,'分页查询用户信息','2019-02-26 15:14:15','查询操作',1),(3601,'分页查询商品信息（无库存）','2019-02-26 15:14:28','查询操作',1),(3602,'分页查询商品信息（有库存）','2019-02-26 15:14:29','查询操作',1),(3603,'分页查询商品信息','2019-02-26 15:14:33','查询操作',1),(3604,'查询商品类别信息','2019-02-26 15:14:33','查询操作',1),(3605,'分页查询商品信息','2019-02-26 15:15:22','查询操作',1),(3606,'查询商品类别信息','2019-02-26 15:15:22','查询操作',1),(3607,'分页查询商品信息','2019-02-26 15:15:42','查询操作',1),(3608,'查询商品类别信息','2019-02-26 15:15:42','查询操作',1),(3609,'分页查询客户','2019-02-26 15:16:10','查询操作',1),(3610,'分页查询客户','2019-02-26 15:16:10','查询操作',1),(3611,'分页查询客户','2019-02-26 15:16:55','查询操作',1),(3612,'分页查询客户','2019-02-26 15:16:55','查询操作',1),(3613,'分页查询供应商','2019-02-26 15:17:01','查询操作',1),(3614,'分页查询供应商','2019-02-26 15:17:01','查询操作',1),(3615,'分页查询供应商','2019-02-26 15:17:29','查询操作',1),(3616,'分页查询供应商','2019-02-26 15:17:29','查询操作',1),(3617,'分页查询供应商','2019-02-26 15:17:43','查询操作',1),(3618,'分页查询供应商','2019-02-26 15:17:44','查询操作',1),(3619,'分页查询商品信息','2019-02-26 15:17:57','查询操作',1),(3620,'分页查询商品信息','2019-02-26 15:17:57','查询操作',1),(3621,'退货单据查询','2019-02-26 15:18:15','查询操作',1),(3622,'进货单据查询','2019-02-26 15:18:15','查询操作',1),(3623,'进货单据查询','2019-02-26 15:18:40','查询操作',1),(3624,'退货单据查询','2019-02-26 15:18:40','查询操作',1),(3625,'客户退货单据查询','2019-02-26 15:19:01','查询操作',1),(3626,'销售单据查询','2019-02-26 15:19:01','查询操作',1),(3627,'销售单据查询','2019-02-26 15:19:13','查询操作',1),(3628,'客户退货单据查询','2019-02-26 15:19:13','查询操作',1),(3629,'客户退货商品统计查询','2019-02-26 15:19:25','查询操作',1),(3630,'销售商品统计查询','2019-02-26 15:19:25','查询操作',1),(3631,'退货商品统计查询','2019-02-26 15:19:26','查询操作',1),(3632,'进货商品统计查询','2019-02-26 15:19:26','查询操作',1),(3633,'进货商品统计查询','2019-02-26 15:19:45','查询操作',1),(3634,'退货商品统计查询','2019-02-26 15:19:45','查询操作',1),(3635,'销售商品统计查询','2019-02-26 15:20:02','查询操作',1),(3636,'客户退货商品统计查询','2019-02-26 15:20:02','查询操作',1),(3637,'退货商品统计查询','2019-02-26 15:21:43','查询操作',1),(3638,'进货商品统计查询','2019-02-26 15:21:43','查询操作',1),(3639,'客户退货商品统计查询','2019-02-26 15:21:44','查询操作',1),(3640,'销售商品统计查询','2019-02-26 15:21:44','查询操作',1),(3641,'商品报损单据查询','2019-02-26 15:21:51','查询操作',1),(3642,'分页查询商品库存信息','2019-02-26 15:21:52','查询操作',1),(3643,'分页查询商品库存信息','2019-02-26 15:22:31','查询操作',1),(3644,'分页查询商品库存信息','2019-02-26 15:22:43','查询操作',1),(3645,'分页查询商品库存信息','2019-02-26 15:22:59','查询操作',1),(3646,'商品报损单据查询','2019-02-26 15:23:00','查询操作',1),(3647,'商品报损单据查询','2019-02-26 15:23:59','查询操作',1),(3648,'商品报损单据查询','2019-02-26 15:24:07','查询操作',1),(3649,'商品报损单据查询','2019-02-26 15:24:26','查询操作',1),(3650,'查询库存报警商品信息','2019-02-26 15:24:34','查询操作',1),(3651,'查询库存报警商品信息','2019-02-26 15:24:50','查询操作',1),(3652,'分页查询商品信息','2019-02-26 15:24:59','查询操作',1),(3653,'分页查询商品信息','2019-02-26 15:24:59','查询操作',1),(3654,'分页查询商品信息','2019-02-26 15:25:19','查询操作',1),(3655,'分页查询商品信息','2019-02-26 15:25:19','查询操作',1),(3656,'查询库存报警商品信息','2019-02-26 15:25:24','查询操作',1),(3657,'客户退货单据查询','2019-02-26 15:25:26','查询操作',1),(3658,'客户退货单据查询','2019-02-26 15:25:26','查询操作',1),(3659,'客户退货单据查询','2019-02-26 15:25:56','查询操作',1),(3660,'客户退货单据查询','2019-02-26 15:25:56','查询操作',1),(3661,'客户退货单据查询','2019-02-26 15:26:06','查询操作',1),(3662,'客户退货单据查询','2019-02-26 15:26:06','查询操作',1),(3663,'商品报损单据查询','2019-02-26 15:26:11','查询操作',1),(3664,'分页查询商品信息','2019-02-26 15:26:13','查询操作',1),(3665,'分页查询商品信息','2019-02-26 15:26:13','查询操作',1),(3666,'分页查询商品信息','2019-02-26 15:26:14','查询操作',1),(3667,'分页查询商品信息','2019-02-26 15:26:14','查询操作',1),(3668,'销售单据查询','2019-02-26 15:45:49','查询操作',1),(3669,'销售单据查询','2019-02-26 15:45:49','查询操作',1),(3670,'销售单据查询','2019-02-26 15:45:52','查询操作',1),(3671,'销售单据查询','2019-02-26 15:45:52','查询操作',1),(3672,'销售单据查询','2019-02-26 15:46:37','查询操作',1),(3673,'销售单据查询','2019-02-26 15:46:37','查询操作',1),(3674,'销售单据查询','2019-02-26 15:46:51','查询操作',1),(3675,'销售单据查询','2019-02-26 15:46:51','查询操作',1),(3676,'销售单据查询','2019-02-26 15:46:59','查询操作',1),(3677,'销售单据查询','2019-02-26 15:46:59','查询操作',1),(3678,'分页查询商品信息','2019-02-26 15:47:02','查询操作',1),(3679,'分页查询商品信息','2019-02-26 15:47:02','查询操作',1),(3680,'退货单据查询','2019-02-26 15:47:04','查询操作',1),(3681,'退货单据查询','2019-02-26 15:47:04','查询操作',1),(3682,'退货单据查询','2019-02-26 15:47:44','查询操作',1),(3683,'退货单据查询','2019-02-26 15:47:44','查询操作',1),(3684,'进货单据查询','2019-02-26 15:47:48','查询操作',1),(3685,'进货单据查询','2019-02-26 15:47:48','查询操作',1),(3686,'进货单据查询','2019-02-26 15:48:06','查询操作',1),(3687,'进货单据查询','2019-02-26 15:48:06','查询操作',1),(3688,'分页查询商品信息','2019-02-26 15:48:12','查询操作',1),(3689,'分页查询商品信息','2019-02-26 15:48:13','查询操作',1),(3690,'分页查询商品信息','2019-02-26 15:48:39','查询操作',1),(3691,'分页查询商品信息','2019-02-26 15:48:39','查询操作',1),(3692,'分页查询商品信息','2019-02-26 15:49:05','查询操作',1),(3693,'分页查询商品信息','2019-02-26 15:49:06','查询操作',1),(3694,'分页查询商品信息','2019-02-26 15:49:27','查询操作',1),(3695,'分页查询商品信息','2019-02-26 15:49:27','查询操作',1),(3696,'分页查询商品信息','2019-02-26 15:53:33','查询操作',1),(3697,'分页查询商品信息','2019-02-26 15:53:33','查询操作',1),(3698,'分页查询商品信息','2019-02-26 15:55:29','查询操作',1),(3699,'分页查询商品信息','2019-02-26 15:55:29','查询操作',1),(3700,'分页查询商品信息','2019-02-26 15:56:19','查询操作',1),(3701,'分页查询商品信息','2019-02-26 15:56:19','查询操作',1),(3702,'分页查询商品信息','2019-02-26 15:56:29','查询操作',1),(3703,'分页查询商品信息','2019-02-26 15:56:29','查询操作',1),(3704,'登录系统','2019-02-26 15:56:49','登录操作',1),(3705,'分页查询商品库存信息','2019-02-26 15:56:51','查询操作',1),(3706,'分页查询商品信息','2019-02-26 15:56:52','查询操作',1),(3707,'分页查询商品信息','2019-02-26 15:56:52','查询操作',1),(3708,'分页查询商品信息','2019-02-26 15:57:02','查询操作',1),(3709,'分页查询商品信息','2019-02-26 15:57:02','查询操作',1),(3710,'分页查询商品信息','2019-02-26 15:57:07','查询操作',1),(3711,'分页查询商品信息','2019-02-26 15:57:07','查询操作',1),(3712,'分页查询商品信息','2019-02-26 15:57:09','查询操作',1),(3713,'分页查询商品信息','2019-02-26 15:57:09','查询操作',1),(3714,'分页查询商品库存信息','2019-02-26 15:57:11','查询操作',1),(3715,'分页查询商品信息','2019-02-26 15:57:14','查询操作',1),(3716,'分页查询商品信息','2019-02-26 15:57:14','查询操作',1),(3717,'分页查询商品信息','2019-02-26 15:57:22','查询操作',1),(3718,'分页查询商品信息','2019-02-26 15:57:22','查询操作',1),(3719,'分页查询商品信息','2019-02-26 15:57:33','查询操作',1),(3720,'分页查询商品信息','2019-02-26 15:57:33','查询操作',1),(3721,'分页查询商品信息','2019-02-26 15:58:19','查询操作',1),(3722,'分页查询商品信息','2019-02-26 15:58:19','查询操作',1),(3723,'进货单据查询','2019-02-26 15:58:25','查询操作',1),(3724,'进货单据查询','2019-02-26 15:58:25','查询操作',1),(3725,'分页查询商品信息','2019-02-26 15:58:27','查询操作',1),(3726,'分页查询商品信息','2019-02-26 15:58:28','查询操作',1),(3727,'分页查询商品信息','2019-02-26 16:00:09','查询操作',1),(3728,'分页查询商品信息','2019-02-26 16:00:09','查询操作',1),(3729,'分页查询商品库存信息','2019-02-26 16:00:35','查询操作',1),(3730,'登录系统','2019-02-26 16:00:48','登录操作',1),(3731,'分页查询商品库存信息','2019-02-26 16:00:49','查询操作',1),(3732,'分页查询商品信息','2019-02-26 16:00:52','查询操作',1),(3733,'分页查询商品信息','2019-02-26 16:00:52','查询操作',1),(3734,'分页查询商品信息','2019-02-26 16:00:54','查询操作',1),(3735,'分页查询商品信息','2019-02-26 16:00:55','查询操作',1),(3736,'分页查询商品信息','2019-02-26 16:01:00','查询操作',1),(3737,'分页查询商品信息','2019-02-26 16:01:00','查询操作',1),(3738,'分页查询商品信息','2019-02-26 16:01:05','查询操作',1),(3739,'分页查询商品信息','2019-02-26 16:01:05','查询操作',1),(3740,'分页查询商品信息','2019-02-26 16:11:28','查询操作',1),(3741,'分页查询商品信息','2019-02-26 16:11:28','查询操作',1),(3742,'分页查询商品信息','2019-02-26 16:12:21','查询操作',1),(3743,'分页查询商品信息','2019-02-26 16:12:21','查询操作',1),(3744,'分页查询商品信息','2019-02-26 16:12:24','查询操作',1),(3745,'分页查询商品信息','2019-02-26 16:12:25','查询操作',1),(3746,'分页查询商品信息','2019-02-26 16:13:25','查询操作',1),(3747,'分页查询商品信息','2019-02-26 16:13:26','查询操作',1),(3748,'分页查询商品信息','2019-02-26 16:13:44','查询操作',1),(3749,'分页查询商品信息','2019-02-26 16:13:44','查询操作',1),(3750,'登录系统','2019-02-26 16:13:56','登录操作',1),(3751,'分页查询商品库存信息','2019-02-26 16:13:57','查询操作',1),(3752,'分页查询商品信息','2019-02-26 16:13:58','查询操作',1),(3753,'分页查询商品信息','2019-02-26 16:13:58','查询操作',1),(3754,'分页查询商品信息','2019-02-26 16:14:00','查询操作',1),(3755,'分页查询商品信息','2019-02-26 16:14:00','查询操作',1),(3756,'分页查询商品信息','2019-02-26 16:14:02','查询操作',1),(3757,'分页查询商品信息','2019-02-26 16:14:02','查询操作',1),(3758,'分页查询商品信息','2019-02-26 16:14:05','查询操作',1),(3759,'分页查询商品信息','2019-02-26 16:14:05','查询操作',1),(3760,'分页查询商品信息','2019-02-26 16:14:12','查询操作',1),(3761,'分页查询商品信息','2019-02-26 16:14:12','查询操作',1),(3762,'分页查询商品信息','2019-02-26 16:14:22','查询操作',1),(3763,'分页查询商品信息','2019-02-26 16:14:22','查询操作',1),(3764,'分页查询商品信息','2019-02-26 16:15:16','查询操作',1),(3765,'分页查询商品信息','2019-02-26 16:15:16','查询操作',1),(3766,'分页查询商品信息','2019-02-26 16:15:22','查询操作',1),(3767,'分页查询商品信息','2019-02-26 16:15:22','查询操作',1),(3768,'查询库存报警商品信息','2019-02-26 16:15:29','查询操作',1),(3769,'商品报损单据查询','2019-02-26 16:15:30','查询操作',1),(3770,'分页查询商品信息','2019-02-26 16:15:35','查询操作',1),(3771,'分页查询商品信息','2019-02-26 16:15:35','查询操作',1),(3772,'分页查询供应商','2019-02-26 16:15:42','查询操作',1),(3773,'分页查询供应商','2019-02-26 16:15:42','查询操作',1),(3774,'分页查询角色信息','2019-02-26 16:15:55','查询操作',1),(3775,'分页查询角色信息','2019-02-26 16:15:55','查询操作',1),(3776,'分页查询商品信息','2019-02-26 16:16:08','查询操作',1),(3777,'分页查询商品信息','2019-02-26 16:16:08','查询操作',1),(3778,'分页查询商品信息','2019-02-26 16:16:12','查询操作',1),(3779,'分页查询商品信息','2019-02-26 16:16:12','查询操作',1),(3780,'查询库存报警商品信息','2019-02-26 16:16:16','查询操作',1),(3781,'商品报损单据查询','2019-02-26 16:16:19','查询操作',1),(3782,'销售商品统计查询','2019-02-26 16:16:49','查询操作',1),(3783,'客户退货商品统计查询','2019-02-26 16:16:49','查询操作',1),(3784,'销售商品统计查询','2019-02-26 16:22:20','查询操作',1),(3785,'客户退货商品统计查询','2019-02-26 16:22:20','查询操作',1),(3786,'分页查询商品信息','2019-02-26 16:29:20','查询操作',1),(3787,'分页查询商品信息','2019-02-26 16:29:20','查询操作',1),(3788,'登录系统','2019-02-26 17:08:00','登录操作',1),(3789,'分页查询商品库存信息','2019-02-26 17:08:01','查询操作',1),(3790,'登录系统','2019-02-26 17:48:11','登录操作',1),(3791,'分页查询商品库存信息','2019-02-26 17:48:12','查询操作',1),(3792,'查询按日统计分析数据','2019-02-26 17:57:49','查询操作',1),(3793,'分页查询商品信息','2019-02-26 17:58:08','查询操作',1),(3794,'分页查询商品信息','2019-02-26 17:58:08','查询操作',1),(3795,'查询商品类别信息','2019-02-26 17:58:13','查询操作',1),(3796,'新增销售单：XS1551175088245','2019-02-26 17:58:57','新增操作',1),(3797,'分页查询商品信息','2019-02-26 17:58:59','查询操作',1),(3798,'分页查询商品信息','2019-02-26 17:58:59','查询操作',1),(3799,'查询按日统计分析数据','2019-02-26 17:59:10','查询操作',1),(3800,'分页查询商品信息','2019-02-26 18:00:02','查询操作',1),(3801,'分页查询商品信息','2019-02-26 18:00:02','查询操作',1),(3802,'查询商品类别信息','2019-02-26 18:00:04','查询操作',1),(3803,'分页查询商品信息','2019-02-26 18:00:20','查询操作',1),(3804,'分页查询商品信息','2019-02-26 18:00:20','查询操作',1),(3805,'分页查询商品信息','2019-02-26 18:00:23','查询操作',1),(3806,'分页查询商品信息','2019-02-26 18:00:23','查询操作',1),(3807,'查询商品类别信息','2019-02-26 18:00:25','查询操作',1),(3808,'退货商品统计查询','2019-02-26 18:00:43','查询操作',1),(3809,'进货商品统计查询','2019-02-26 18:00:43','查询操作',1),(3810,'查询按日统计分析数据','2019-02-26 18:00:47','查询操作',1),(3811,'查询按日统计分析数据','2019-02-26 18:02:39','查询操作',1),(3812,'查询按日统计分析数据','2019-02-26 18:02:42','查询操作',1),(3813,'查询按日统计分析数据','2019-02-26 18:02:59','查询操作',1),(3814,'查询按日统计分析数据','2019-02-26 18:03:06','查询操作',1),(3815,'登录系统','2019-02-27 09:48:49','登录操作',1),(3816,'分页查询商品库存信息','2019-02-27 09:48:52','查询操作',1),(3817,'查询按日统计分析数据','2019-02-27 09:49:06','查询操作',1),(3818,'分页查询商品信息','2019-02-27 09:49:18','查询操作',1),(3819,'分页查询商品信息','2019-02-27 09:49:18','查询操作',1),(3820,'查询商品类别信息','2019-02-27 09:49:22','查询操作',1),(3821,'查询商品类别信息','2019-02-27 09:49:31','查询操作',1),(3822,'新增销售单：XS1551232158294','2019-02-27 09:49:42','新增操作',1),(3823,'分页查询商品信息','2019-02-27 09:49:43','查询操作',1),(3824,'分页查询商品信息','2019-02-27 09:49:43','查询操作',1),(3825,'客户退货商品统计查询','2019-02-27 09:49:45','查询操作',1),(3826,'销售商品统计查询','2019-02-27 09:49:45','查询操作',1),(3827,'查询按日统计分析数据','2019-02-27 09:49:52','查询操作',1),(3828,'查询按日统计分析数据','2019-02-27 09:50:03','查询操作',1),(3829,'查询按日统计分析数据','2019-02-27 09:50:12','查询操作',1),(3830,'查询按日统计分析数据','2019-02-27 09:50:20','查询操作',1),(3831,'查询按日统计分析数据','2019-02-27 09:50:26','查询操作',1),(3832,'分页查询商品库存信息','2019-02-27 09:51:50','查询操作',1),(3833,'分页查询商品信息','2019-02-27 09:51:58','查询操作',1),(3834,'分页查询商品信息','2019-02-27 09:51:58','查询操作',1),(3835,'商品报损单据查询','2019-02-27 10:10:35','查询操作',1),(3836,'查询按日统计分析数据','2019-02-27 10:10:40','查询操作',1),(3837,'查询按日统计分析数据','2019-02-27 10:10:44','查询操作',1),(3838,'查询按日统计分析数据','2019-02-27 10:12:02','查询操作',1),(3839,'查询按日统计分析数据','2019-02-27 10:12:19','查询操作',1),(3840,'查询按日统计分析数据','2019-02-27 10:12:34','查询操作',1),(3841,'登录系统','2019-02-27 10:13:01','登录操作',1),(3842,'分页查询商品库存信息','2019-02-27 10:13:03','查询操作',1),(3843,'查询按日统计分析数据','2019-02-27 10:13:05','查询操作',1),(3844,'查询按日统计分析数据','2019-02-27 10:13:21','查询操作',1),(3845,'查询按日统计分析数据','2019-02-27 10:14:10','查询操作',1),(3846,'查询按日统计分析数据','2019-02-27 10:14:22','查询操作',1),(3847,'查询按日统计分析数据','2019-02-27 10:17:49','查询操作',1),(3848,'分页查询商品库存信息','2019-02-27 10:18:01','查询操作',1),(3849,'客户退货商品统计查询','2019-02-27 10:18:02','查询操作',1),(3850,'销售商品统计查询','2019-02-27 10:18:02','查询操作',1),(3851,'查询按日统计分析数据','2019-02-27 10:18:03','查询操作',1),(3852,'登录系统','2019-02-27 10:18:34','登录操作',1),(3853,'分页查询商品库存信息','2019-02-27 10:18:35','查询操作',1),(3854,'查询按日统计分析数据','2019-02-27 10:18:37','查询操作',1),(3855,'查询按日统计分析数据','2019-02-27 10:19:11','查询操作',1),(3856,'查询按日统计分析数据','2019-02-27 10:19:43','查询操作',1),(3857,'查询按日统计分析数据','2019-02-27 10:25:30','查询操作',1),(3858,'查询按日统计分析数据','2019-02-27 10:25:50','查询操作',1),(3859,'查询按日统计分析数据','2019-02-27 10:25:56','查询操作',1),(3860,'查询按日统计分析数据','2019-02-27 10:27:18','查询操作',1),(3861,'查询按日统计分析数据','2019-02-27 10:27:20','查询操作',1),(3862,'查询按日统计分析数据','2019-02-27 10:28:21','查询操作',1),(3863,'查询按日统计分析数据','2019-02-27 10:28:23','查询操作',1),(3864,'查询按日统计分析数据','2019-02-27 10:31:14','查询操作',1),(3865,'查询按日统计分析数据','2019-02-27 10:31:27','查询操作',1),(3866,'查询按日统计分析数据','2019-02-27 10:31:34','查询操作',1),(3867,'查询按日统计分析数据','2019-02-27 10:31:42','查询操作',1),(3868,'查询按日统计分析数据','2019-02-27 10:31:56','查询操作',1),(3869,'登录系统','2019-02-27 10:32:13','登录操作',1),(3870,'分页查询商品库存信息','2019-02-27 10:32:15','查询操作',1),(3871,'查询按日统计分析数据','2019-02-27 10:32:17','查询操作',1),(3872,'登录系统','2019-02-27 14:55:01','登录操作',1),(3873,'分页查询商品库存信息','2019-02-27 14:55:03','查询操作',1),(3874,'查询按月统计分析数据','2019-02-27 14:55:16','查询操作',1),(3875,'查询按月统计分析数据','2019-02-27 14:56:03','查询操作',1),(3876,'查询按月统计分析数据','2019-02-27 14:58:41','查询操作',1),(3877,'查询按月统计分析数据','2019-02-27 15:00:53','查询操作',1),(3878,'查询按月统计分析数据','2019-02-27 15:01:38','查询操作',1),(3879,'查询按月统计分析数据','2019-02-27 15:10:30','查询操作',1),(3880,'查询按月统计分析数据','2019-02-27 15:10:47','查询操作',1),(3881,'查询按月统计分析数据','2019-02-27 15:12:25','查询操作',1),(3882,'查询按月统计分析数据','2019-02-27 15:12:44','查询操作',1),(3883,'查询按月统计分析数据','2019-02-27 15:13:08','查询操作',1),(3884,'查询按月统计分析数据','2019-02-27 15:14:11','查询操作',1),(3885,'查询按日统计分析数据','2019-02-27 15:19:49','查询操作',1),(3886,'查询按日统计分析数据','2019-02-27 15:19:57','查询操作',1),(3887,'查询按月统计分析数据','2019-02-27 15:21:53','查询操作',1),(3888,'查询按月统计分析数据','2019-02-27 15:22:30','查询操作',1),(3889,'查询按月统计分析数据','2019-02-27 15:22:33','查询操作',1),(3890,'查询按日统计分析数据','2019-02-27 15:23:11','查询操作',1),(3891,'查询按月统计分析数据','2019-02-27 15:23:33','查询操作',1),(3892,'查询按月统计分析数据','2019-02-27 15:24:58','查询操作',1),(3893,'查询按月统计分析数据','2019-02-27 15:25:04','查询操作',1),(3894,'查询按月统计分析数据','2019-02-27 15:25:48','查询操作',1),(3895,'查询按月统计分析数据','2019-02-27 15:27:14','查询操作',1),(3896,'登录系统','2019-02-27 15:27:50','登录操作',1),(3897,'分页查询商品库存信息','2019-02-27 15:27:52','查询操作',1),(3898,'分页查询商品信息','2019-02-27 15:27:54','查询操作',1),(3899,'分页查询商品信息','2019-02-27 15:27:55','查询操作',1),(3900,'查询按日统计分析数据','2019-02-27 15:27:57','查询操作',1),(3901,'查询按月统计分析数据','2019-02-27 15:28:00','查询操作',1),(3902,'查询按月统计分析数据','2019-02-27 15:32:20','查询操作',1),(3903,'查询按月统计分析数据','2019-02-27 15:32:39','查询操作',1),(3904,'登录系统','2019-02-27 15:33:00','登录操作',1),(3905,'分页查询商品库存信息','2019-02-27 15:33:02','查询操作',1),(3906,'查询按月统计分析数据','2019-02-27 15:33:04','查询操作',1),(3907,'查询按日统计分析数据','2019-02-27 15:36:34','查询操作',1),(3908,'查询按月统计分析数据','2019-02-27 15:40:06','查询操作',1),(3909,'查询按月统计分析数据','2019-02-27 15:40:39','查询操作',1),(3910,'查询按月统计分析数据','2019-02-27 15:40:46','查询操作',1),(3911,'查询按月统计分析数据','2019-02-27 15:40:53','查询操作',1),(3912,'查询按月统计分析数据','2019-02-27 15:41:11','查询操作',1),(3913,'查询按月统计分析数据','2019-02-27 15:41:22','查询操作',1),(3914,'查询按月统计分析数据','2019-02-27 15:44:23','查询操作',1),(3915,'查询按月统计分析数据','2019-02-27 15:44:27','查询操作',1),(3916,'登录系统','2019-02-27 15:47:06','登录操作',1),(3917,'分页查询商品库存信息','2019-02-27 15:47:08','查询操作',1),(3918,'查询按月统计分析数据','2019-02-27 15:47:09','查询操作',1),(3919,'查询按月统计分析数据','2019-02-27 15:47:24','查询操作',1),(3920,'查询按月统计分析数据','2019-02-27 15:47:44','查询操作',1),(3921,'查询按月统计分析数据','2019-02-27 15:54:16','查询操作',1),(3922,'查询按月统计分析数据','2019-02-27 15:54:39','查询操作',1),(3923,'查询按月统计分析数据','2019-02-27 15:54:56','查询操作',1),(3924,'查询按月统计分析数据','2019-02-27 15:55:19','查询操作',1),(3925,'查询按月统计分析数据','2019-02-27 15:56:47','查询操作',1),(3926,'查询按月统计分析数据','2019-02-27 15:57:07','查询操作',1),(3927,'查询按月统计分析数据','2019-02-27 15:57:46','查询操作',1),(3928,'查询按月统计分析数据','2019-02-27 15:59:02','查询操作',1),(3929,'查询按月统计分析数据','2019-02-27 16:08:03','查询操作',1),(3930,'查询按月统计分析数据','2019-02-27 16:08:07','查询操作',1),(3931,'登录系统','2019-02-27 16:08:22','登录操作',1),(3932,'分页查询商品库存信息','2019-02-27 16:08:25','查询操作',1),(3933,'查询按月统计分析数据','2019-02-27 16:08:25','查询操作',1),(3934,'查询按月统计分析数据','2019-02-27 16:08:58','查询操作',1),(3935,'查询按月统计分析数据','2019-02-27 16:09:04','查询操作',1),(3936,'查询按月统计分析数据','2019-02-27 16:11:12','查询操作',1),(3937,'查询按月统计分析数据','2019-02-27 16:11:16','查询操作',1),(3938,'查询按月统计分析数据','2019-02-27 16:12:24','查询操作',1),(3939,'查询按月统计分析数据','2019-02-27 16:12:51','查询操作',1),(3940,'查询按月统计分析数据','2019-02-27 16:18:07','查询操作',1),(3941,'登录系统','2019-02-27 16:18:23','登录操作',1),(3942,'分页查询商品库存信息','2019-02-27 16:18:25','查询操作',1),(3943,'查询按月统计分析数据','2019-02-27 16:18:27','查询操作',1),(3944,'查询按日统计分析数据','2019-02-27 16:18:30','查询操作',1),(3945,'查询按日统计分析数据','2019-02-27 16:21:26','查询操作',1),(3946,'查询按月统计分析数据','2019-02-27 16:22:18','查询操作',1),(3947,'查询按月统计分析数据','2019-02-27 16:23:11','查询操作',1),(3948,'查询按月统计分析数据','2019-02-27 16:23:17','查询操作',1),(3949,'查询按月统计分析数据','2019-02-27 16:23:22','查询操作',1),(3950,'查询按月统计分析数据','2019-02-27 16:24:10','查询操作',1),(3951,'查询按月统计分析数据','2019-02-27 16:24:13','查询操作',1),(3952,'查询按月统计分析数据','2019-02-27 16:24:25','查询操作',1),(3953,'查询按月统计分析数据','2019-02-27 16:24:47','查询操作',1),(3954,'登录系统','2019-03-28 18:00:12','登录操作',1),(3955,'分页查询商品库存信息','2019-03-28 18:00:16','查询操作',1),(3956,'分页查询商品信息','2019-03-28 18:00:22','查询操作',1),(3957,'分页查询商品信息','2019-03-28 18:00:22','查询操作',1),(3958,'分页查询商品信息','2019-03-28 18:00:34','查询操作',1),(3959,'分页查询商品信息','2019-03-28 18:00:34','查询操作',1),(3960,'进货单据查询','2019-03-28 18:00:40','查询操作',1),(3961,'进货单据查询','2019-03-28 18:00:40','查询操作',1),(3962,'退货单据查询','2019-03-28 18:00:43','查询操作',1),(3963,'退货单据查询','2019-03-28 18:00:43','查询操作',1),(3964,'退货单据查询','2019-03-28 18:00:47','查询操作',1),(3965,'退货单据查询','2019-03-28 18:00:49','查询操作',1),(3966,'退货单商品信息查询','2019-03-28 18:00:51','查询操作',1),(3967,'分页查询商品信息','2019-03-28 18:01:14','查询操作',1),(3968,'分页查询商品信息','2019-03-28 18:01:14','查询操作',1),(3969,'分页查询商品信息','2019-03-28 18:01:18','查询操作',1),(3970,'分页查询商品信息','2019-03-28 18:01:18','查询操作',1),(3971,'进货单据查询','2019-03-28 18:01:22','查询操作',1),(3972,'退货单据查询','2019-03-28 18:01:22','查询操作',1),(3973,'退货单据查询','2019-03-28 18:01:26','查询操作',1),(3974,'进货单据查询','2019-03-28 18:01:26','查询操作',1),(3975,'销售单据查询','2019-03-28 18:01:29','查询操作',1),(3976,'客户退货单据查询','2019-03-28 18:01:29','查询操作',1),(3977,'分页查询供应商','2019-03-28 18:01:34','查询操作',1),(3978,'分页查询供应商','2019-03-28 18:01:34','查询操作',1),(3979,'分页查询供应商','2019-03-28 18:01:35','查询操作',1),(3980,'分页查询客户','2019-03-28 18:01:44','查询操作',1),(3981,'分页查询客户','2019-03-28 18:01:44','查询操作',1),(3982,'分页查询客户','2019-03-28 18:01:46','查询操作',1),(3983,'分页查询角色信息','2019-03-28 18:01:55','查询操作',1),(3984,'分页查询角色信息','2019-03-28 18:01:55','查询操作',1),(3985,'分页查询供应商','2019-03-28 18:01:59','查询操作',1),(3986,'分页查询供应商','2019-03-28 18:01:59','查询操作',1),(3987,'客户退货单据查询','2019-03-28 18:02:05','查询操作',1),(3988,'销售单据查询','2019-03-28 18:02:05','查询操作',1),(3989,'客户退货商品统计查询','2019-03-28 18:02:05','查询操作',1),(3990,'销售商品统计查询','2019-03-28 18:02:05','查询操作',1),(3991,'退货商品统计查询','2019-03-28 18:02:07','查询操作',1),(3992,'进货商品统计查询','2019-03-28 18:02:07','查询操作',1),(3993,'分页查询商品信息','2019-03-28 18:02:09','查询操作',1),(3994,'分页查询商品信息','2019-03-28 18:02:09','查询操作',1),(3995,'分页查询商品信息','2019-03-28 18:02:15','查询操作',1),(3996,'查询商品类别信息','2019-03-28 18:02:15','查询操作',1),(3997,'查询商品类别信息','2019-03-28 18:02:20','查询操作',1);

UNLOCK TABLES;

/*Table structure for table `t_menu` */

DROP TABLE IF EXISTS `t_menu`;

CREATE TABLE `t_menu` (
  `id` int(11) NOT NULL AUTO_INCREMENT,
  `icon` varchar(100) DEFAULT NULL,
  `name` varchar(50) DEFAULT NULL,
  `p_id` int(11) DEFAULT NULL,
  `state` int(11) DEFAULT NULL,
  `url` varchar(200) DEFAULT NULL,
  PRIMARY KEY (`id`)
) ENGINE=MyISAM AUTO_INCREMENT=6051 DEFAULT CHARSET=utf8;

/*Data for the table `t_menu` */

LOCK TABLES `t_menu` WRITE;

insert  into `t_menu`(`id`,`icon`,`name`,`p_id`,`state`,`url`) values (1,'menu-plugin','系统菜单',-1,1,NULL),(10,'menu-1','进货管理',1,1,NULL),(20,'menu-2','销售管理',1,1,NULL),(30,'menu-3','库存管理',1,1,NULL),(40,'menu-4','统计报表',1,1,NULL),(50,'menu-5','基础资料',1,1,NULL),(60,'menu-6','系统管理',1,1,NULL),(1010,'menu-11','进货入库',10,0,'/purchase/purchase.html'),(1020,'menu-12','退货出库',10,0,'/purchase/return.html'),(1030,'menu-13','进货单据查询',10,0,'/purchase/purchaseSearch.html'),(1040,'menu-14','退货单据查询',10,0,'/purchase/returnSearch.html'),(1050,'menu-15','当前库存查询',10,0,'/common/stockSearch.html'),(2010,'menu-21','销售出库',20,0,'/sale/saleout.html'),(2020,'menu-22','客户退货',20,0,'/sale/salereturn.html'),(2030,'menu-23','销售单据查询',20,0,'/sale/saleSearch.html'),(2040,'menu-24','客户退货查询',20,0,'/sale/returnSearch.html'),(2050,'menu-25','当前库存查询',20,0,'/common/stockSearch.html'),(3010,'menu-31','商品报损',30,0,'/stock/damage.html'),(3020,'menu-32','商品报溢',30,0,'/stock/overflow.html'),(3030,'menu-33','库存报警',30,0,'/stock/alarm.html'),(3040,'menu-34','报损报溢查询',30,0,'/stock/damageOverflowSearch.html'),(3050,'menu-35','当前库存查询',30,0,'/common/stockSearch.html'),(4010,'menu-41','供应商统计',40,0,'/count/supplier.html'),(4020,'menu-42','客户统计',40,0,'/count/customer.html'),(4030,'menu-43','商品采购统计',40,0,'/count/purchase.html'),(4040,'menu-44','商品销售统计',40,0,'/count/sale.html'),(4050,'menu-45','按日统计分析',40,0,'/count/saleDay.html'),(4060,'menu-46','按月统计分析',40,0,'/count/saleMonth.html'),(5010,'menu-51','供应商管理',50,0,'/basicData/supplier.html'),(5020,'menu-52','客户管理',50,0,'/basicData/customer.html'),(5030,'menu-53','商品管理',50,0,'/basicData/goods.html'),(5040,'menu-54','期初库存',50,0,'/basicData/stock.html'),(6010,'menu-61','角色管理',60,0,'/power/role.html'),(6020,'menu-62','用户管理',60,0,'/power/user.html'),(6030,'menu-65','系统日志',60,0,'/power/log.html'),(6040,'menu-63','修改密码',60,0,NULL),(6050,'menu-64','安全退出',60,0,NULL);

UNLOCK TABLES;

/*Table structure for table `t_overflow_list` */

DROP TABLE IF EXISTS `t_overflow_list`;

CREATE TABLE `t_overflow_list` (
  `id` int(11) NOT NULL AUTO_INCREMENT,
  `overflow_date` varchar(20) DEFAULT NULL,
  `overflow_number` varchar(100) DEFAULT NULL,
  `remarks` varchar(1000) DEFAULT NULL,
  `user_id` int(11) DEFAULT NULL,
  PRIMARY KEY (`id`),
  KEY `FK3bu8hj2xniqwbrtg6ls6b8ej2` (`user_id`)
) ENGINE=MyISAM AUTO_INCREMENT=2 DEFAULT CHARSET=utf8;

/*Data for the table `t_overflow_list` */

LOCK TABLES `t_overflow_list` WRITE;

insert  into `t_overflow_list`(`id`,`overflow_date`,`overflow_number`,`remarks`,`user_id`) values (1,'2019-02-19','BY1550565907039','',1);

UNLOCK TABLES;

/*Table structure for table `t_overflow_list_goods` */

DROP TABLE IF EXISTS `t_overflow_list_goods`;

CREATE TABLE `t_overflow_list_goods` (
  `id` int(11) NOT NULL AUTO_INCREMENT,
  `code` varchar(50) DEFAULT NULL,
  `goods_id` int(11) DEFAULT NULL,
  `model` varchar(50) DEFAULT NULL,
  `name` varchar(50) DEFAULT NULL,
  `num` int(11) DEFAULT NULL,
  `price` float NOT NULL,
  `total` float NOT NULL,
  `unit` varchar(10) DEFAULT NULL,
  `overflow_list_id` int(11) DEFAULT NULL,
  `type_id` int(11) DEFAULT NULL,
  PRIMARY KEY (`id`),
  KEY `FKd3s9761mgl456tn2xb0d164h7` (`overflow_list_id`),
  KEY `FK20rudkne4kc8uftcenkrng1mn` (`type_id`)
) ENGINE=MyISAM AUTO_INCREMENT=2 DEFAULT CHARSET=utf8;

/*Data for the table `t_overflow_list_goods` */

LOCK TABLES `t_overflow_list_goods` WRITE;

insert  into `t_overflow_list_goods`(`id`,`code`,`goods_id`,`model`,`name`,`num`,`price`,`total`,`unit`,`overflow_list_id`,`type_id`) values (1,'0001',1,'红色装','陶华碧老干妈香辣脆油辣椒',5,8.5,42.5,'瓶',1,10);

UNLOCK TABLES;

/*Table structure for table `t_purchase_list` */

DROP TABLE IF EXISTS `t_purchase_list`;

CREATE TABLE `t_purchase_list` (
  `id` int(11) NOT NULL AUTO_INCREMENT,
  `amount_paid` float NOT NULL,
  `amount_payable` float NOT NULL,
  `purchase_date` varchar(20) DEFAULT NULL,
  `purchase_number` varchar(100) DEFAULT NULL,
  `remarks` varchar(1000) DEFAULT NULL,
  `state` int(11) DEFAULT NULL,
  `supplier_id` int(11) DEFAULT NULL,
  `user_id` int(11) DEFAULT NULL,
  PRIMARY KEY (`id`),
  KEY `FK5j2dev8b2b5d0l69nb8vtr4yb` (`supplier_id`),
  KEY `FK69s6eyxr4wwvsywe9hbthef1h` (`user_id`)
) ENGINE=MyISAM AUTO_INCREMENT=126 DEFAULT CHARSET=utf8;

/*Data for the table `t_purchase_list` */

LOCK TABLES `t_purchase_list` WRITE;

insert  into `t_purchase_list`(`id`,`amount_paid`,`amount_payable`,`purchase_date`,`purchase_number`,`remarks`,`state`,`supplier_id`,`user_id`) values (124,86,86,'2019-02-13','JH1550048597876','',1,1,1);

UNLOCK TABLES;

/*Table structure for table `t_purchase_list_goods` */

DROP TABLE IF EXISTS `t_purchase_list_goods`;

CREATE TABLE `t_purchase_list_goods` (
  `id` int(11) NOT NULL AUTO_INCREMENT,
  `code` varchar(50) DEFAULT NULL,
  `goods_id` int(11) DEFAULT NULL,
  `model` varchar(50) DEFAULT NULL,
  `name` varchar(50) DEFAULT NULL,
  `num` int(11) NOT NULL,
  `price` float NOT NULL,
  `total` float NOT NULL,
  `unit` varchar(10) DEFAULT NULL,
  `purchase_list_id` int(11) DEFAULT NULL,
  `type_id` int(11) DEFAULT NULL,
  PRIMARY KEY (`id`),
  KEY `FKfvdvgcebqkkokyn0o00idqnpy` (`purchase_list_id`),
  KEY `FK5lck165g0l1wv4nxt0ttj0l8v` (`type_id`)
) ENGINE=MyISAM AUTO_INCREMENT=130 DEFAULT CHARSET=utf8;

/*Data for the table `t_purchase_list_goods` */

LOCK TABLES `t_purchase_list_goods` WRITE;

insert  into `t_purchase_list_goods`(`id`,`code`,`goods_id`,`model`,`name`,`num`,`price`,`total`,`unit`,`purchase_list_id`,`type_id`) values (126,'0009',17,'240g装','休闲零食坚果特产精品干果无漂白大个开心果',4,20,80,'袋',124,11),(127,'0008',16,'128g装','奕森奶油桃肉蜜饯果脯果干桃肉干休闲零食品',2,3,6,'盒',124,11);

UNLOCK TABLES;

/*Table structure for table `t_return_list` */

DROP TABLE IF EXISTS `t_return_list`;

CREATE TABLE `t_return_list` (
  `id` int(11) NOT NULL AUTO_INCREMENT,
  `amount_paid` float NOT NULL,
  `amount_payable` float NOT NULL,
  `remarks` varchar(1000) DEFAULT NULL,
  `return_date` varchar(20) DEFAULT NULL,
  `return_number` varchar(100) DEFAULT NULL,
  `state` int(11) DEFAULT NULL,
  `supplier_id` int(11) DEFAULT NULL,
  `user_id` int(11) DEFAULT NULL,
  PRIMARY KEY (`id`),
  KEY `FK4qxjj8bvj2etne243xluni0vn` (`supplier_id`),
  KEY `FK904juw2v1hm2av0ig26gae9jb` (`user_id`)
) ENGINE=MyISAM AUTO_INCREMENT=3 DEFAULT CHARSET=utf8;

/*Data for the table `t_return_list` */

LOCK TABLES `t_return_list` WRITE;

insert  into `t_return_list`(`id`,`amount_paid`,`amount_payable`,`remarks`,`return_date`,`return_number`,`state`,`supplier_id`,`user_id`) values (1,42.5,42.5,'','2019-02-12','TH1549940820089',2,1,1);

UNLOCK TABLES;

/*Table structure for table `t_return_list_goods` */

DROP TABLE IF EXISTS `t_return_list_goods`;

CREATE TABLE `t_return_list_goods` (
  `id` int(11) NOT NULL AUTO_INCREMENT,
  `code` varchar(50) DEFAULT NULL,
  `goods_id` int(11) DEFAULT NULL,
  `model` varchar(50) DEFAULT NULL,
  `name` varchar(50) DEFAULT NULL,
  `num` int(11) DEFAULT NULL,
  `price` float NOT NULL,
  `total` float NOT NULL,
  `unit` varchar(10) DEFAULT NULL,
  `return_list_id` int(11) DEFAULT NULL,
  `type_id` int(11) DEFAULT NULL,
  PRIMARY KEY (`id`),
  KEY `FKemclu281vyvyk063c3foafq1w` (`return_list_id`),
  KEY `FKpxnqi9jfkw6wdm1uox2kkr0wk` (`type_id`)
) ENGINE=MyISAM AUTO_INCREMENT=3 DEFAULT CHARSET=utf8;

/*Data for the table `t_return_list_goods` */

LOCK TABLES `t_return_list_goods` WRITE;

insert  into `t_return_list_goods`(`id`,`code`,`goods_id`,`model`,`name`,`num`,`price`,`total`,`unit`,`return_list_id`,`type_id`) values (1,'0001',1,'红色装','陶华碧老干妈香辣脆油辣椒',5,8.5,42.5,'瓶',1,10);

UNLOCK TABLES;

/*Table structure for table `t_role` */

DROP TABLE IF EXISTS `t_role`;

CREATE TABLE `t_role` (
  `id` int(11) NOT NULL AUTO_INCREMENT,
  `name` varchar(50) DEFAULT NULL,
  `remarks` varchar(1000) DEFAULT NULL,
  PRIMARY KEY (`id`)
) ENGINE=MyISAM AUTO_INCREMENT=10 DEFAULT CHARSET=utf8;

/*Data for the table `t_role` */

LOCK TABLES `t_role` WRITE;

insert  into `t_role`(`id`,`name`,`remarks`) values (1,'系统管理员','管理员'),(2,'主管','主管'),(4,'采购员','采购员'),(5,'销售经理','销售经理'),(7,'仓库管理员','仓库管理员'),(8,'测试员','测试员');

UNLOCK TABLES;

/*Table structure for table `t_role_menu` */

DROP TABLE IF EXISTS `t_role_menu`;

CREATE TABLE `t_role_menu` (
  `id` int(11) NOT NULL AUTO_INCREMENT,
  `menu_id` int(11) DEFAULT NULL,
  `role_id` int(11) DEFAULT NULL,
  PRIMARY KEY (`id`),
  KEY `FKhayg4ib6v7h1wyeyxhq6xlddq` (`menu_id`),
  KEY `FKsonb0rbt2u99hbrqqvv3r0wse` (`role_id`)
) ENGINE=MyISAM AUTO_INCREMENT=128 DEFAULT CHARSET=utf8;

/*Data for the table `t_role_menu` */

LOCK TABLES `t_role_menu` WRITE;

insert  into `t_role_menu`(`id`,`menu_id`,`role_id`) values (2,1,1),(3,10,1),(4,20,1),(5,30,1),(6,40,1),(7,50,1),(8,60,1),(9,1010,1),(10,1020,1),(11,1030,1),(12,1040,1),(13,1050,1),(14,2010,1),(15,2020,1),(16,2030,1),(17,2040,1),(18,2050,1),(19,3010,1),(20,3020,1),(21,3030,1),(22,3040,1),(23,3050,1),(24,4010,1),(25,4020,1),(26,4030,1),(27,4040,1),(28,4050,1),(29,4060,1),(30,5010,1),(31,5020,1),(32,5030,1),(33,5040,1),(34,6010,1),(35,6020,1),(52,10,NULL),(51,1,NULL),(43,6030,1),(44,6040,1),(45,1,4),(46,20,4),(47,2010,4),(48,1,5),(49,30,5),(50,3010,5),(64,6050,1),(65,1,7),(66,10,7),(67,1010,7),(68,1020,7),(69,1030,7),(70,1040,7),(71,1050,7),(72,20,7),(73,2010,7),(74,2020,7),(75,2030,7),(76,40,7),(77,4010,7),(78,4020,7),(53,1010,NULL),(54,1020,NULL),(55,1030,NULL),(56,1040,NULL),(57,1050,NULL),(58,20,NULL),(59,2010,NULL),(60,2020,NULL),(61,2030,NULL),(62,2040,NULL),(63,2050,NULL),(79,1,NULL),(80,10,NULL),(81,1010,NULL),(82,1020,NULL),(83,1030,NULL),(84,1040,NULL),(85,1050,NULL),(125,6030,2),(124,60,2),(123,1050,2),(122,1040,2),(121,1030,2),(120,1020,2),(119,1010,2),(99,1,8),(100,50,8),(101,5010,8),(102,5020,8),(103,5030,8),(104,5040,8),(118,10,2),(117,1,2),(126,6040,2),(127,6050,2);

UNLOCK TABLES;

/*Table structure for table `t_sale_list` */

DROP TABLE IF EXISTS `t_sale_list`;

CREATE TABLE `t_sale_list` (
  `id` int(11) NOT NULL AUTO_INCREMENT,
  `amount_paid` float NOT NULL,
  `amount_payable` float NOT NULL,
  `remarks` varchar(1000) DEFAULT NULL,
  `sale_date` varchar(20) DEFAULT NULL,
  `sale_number` varchar(100) DEFAULT NULL,
  `state` int(11) DEFAULT NULL,
  `customer_id` int(11) DEFAULT NULL,
  `user_id` int(11) DEFAULT NULL,
  PRIMARY KEY (`id`),
  KEY `FKox4qfs87eu3fvwdmrvelqhi8e` (`customer_id`),
  KEY `FK34bnujemrdqimbhg133enp8k8` (`user_id`)
) ENGINE=MyISAM AUTO_INCREMENT=5 DEFAULT CHARSET=utf8;

/*Data for the table `t_sale_list` */

LOCK TABLES `t_sale_list` WRITE;

insert  into `t_sale_list`(`id`,`amount_paid`,`amount_payable`,`remarks`,`sale_date`,`sale_number`,`state`,`customer_id`,`user_id`) values (1,85,85,'','2019-02-14','XS1550133166343',1,1,1),(3,3040,3040,'','2019-02-26','XS1551175088245',1,1,1),(4,450,450,'','2019-02-27','XS1551232158294',1,3,1);

UNLOCK TABLES;

/*Table structure for table `t_sale_list_goods` */

DROP TABLE IF EXISTS `t_sale_list_goods`;

CREATE TABLE `t_sale_list_goods` (
  `id` int(11) NOT NULL AUTO_INCREMENT,
  `code` varchar(50) DEFAULT NULL,
  `goods_id` int(11) DEFAULT NULL,
  `model` varchar(50) DEFAULT NULL,
  `name` varchar(50) DEFAULT NULL,
  `num` int(11) DEFAULT NULL,
  `price` float NOT NULL,
  `total` float NOT NULL,
  `unit` varchar(10) DEFAULT NULL,
  `sale_list_id` int(11) DEFAULT NULL,
  `type_id` int(11) DEFAULT NULL,
  PRIMARY KEY (`id`),
  KEY `FK20ehd6ta9geyql4hxtdsnhbox` (`sale_list_id`),
  KEY `FK39ej927qf0ldkykafj2nhyu3u` (`type_id`)
) ENGINE=MyISAM AUTO_INCREMENT=6 DEFAULT CHARSET=utf8;

/*Data for the table `t_sale_list_goods` */

LOCK TABLES `t_sale_list_goods` WRITE;

insert  into `t_sale_list_goods`(`id`,`code`,`goods_id`,`model`,`name`,`num`,`price`,`total`,`unit`,`sale_list_id`,`type_id`) values (1,'0001',1,'红色装','陶华碧老干妈香辣脆油辣椒',15,8.5,127.5,'瓶',1,10),(3,'0003',11,'500g装','野生东北黑木耳',80,38,3040,'袋',3,11),(4,'0007',15,'500g装','吉利人家牛肉味蛋糕',20,10,200,'袋',4,11),(5,'0004',12,'2斤装','新疆红枣',10,25,250,'袋',4,10);

UNLOCK TABLES;

/*Table structure for table `t_supplier` */

DROP TABLE IF EXISTS `t_supplier`;

CREATE TABLE `t_supplier` (
  `id` int(11) NOT NULL AUTO_INCREMENT,
  `address` varchar(200) DEFAULT NULL,
  `contacts` varchar(50) DEFAULT NULL,
  `name` varchar(100) DEFAULT NULL,
  `phone_number` varchar(50) DEFAULT NULL,
  `remarks` varchar(500) DEFAULT NULL,
  PRIMARY KEY (`id`)
) ENGINE=MyISAM AUTO_INCREMENT=13 DEFAULT CHARSET=utf8;

/*Data for the table `t_supplier` */

LOCK TABLES `t_supplier` WRITE;

insert  into `t_supplier`(`id`,`address`,`contacts`,`name`,`phone_number`,`remarks`) values (1,'中国四川成都金牛区金泉街道淳风路133号3层附340号','张三','四川耀荣汇商贸有限公司','13558873068','四川耀荣汇商贸有限公司 经销批发的大枣、山楂、枣夹核、枸杞、农副产品畅销消费者市场'),(4,'中国四川成都郫都区中国川菜产业园区永安路333号','李四','四川省郫县豆瓣股份有限公司','13888888888','四川省郫县豆瓣股份有限公司，主营“鹃城牌”郫县豆瓣'),(5,'中国四川德阳中江县南华镇积水村8社','王五','四川食萃食品有限公司','13555555555','四川食萃食品有限公司是一家集餐饮川菜调料研发、生产、销售为一体的现代派企业'),(6,'中国四川巴中巴州区宕梁办事处插旗山村九社','岳小平','四川岳老大食品有限责任公司 ','13981670066','四川岳老大食品有限责任公司是一家专业从事宾馆、酒店和休闲食品研发、生产销售为一体的现代化民营企业'),(7,'中国四川成都双流区西航港街道腾飞一路333号','侯定述','四川天味食品集团股份有限公司','028-82808141','中国调味品协会理事单位、农业产业化国家重点龙头企业'),(8,'中国四川巴中经开区巴州工业园产业大道18号','廖天发','四川老廖家风味食品有限公司','18808276999','公司是集科研、生产、销售为一体的肉类食品加工民营企业'),(9,'中国山东威海环翠区张村镇钱江街-16-7号','张相志','山东九日进出口有限公司','0631-5782006','公司所有产品均是通过正规通关渠道进口，海关、商检相关手续齐全'),(10,'中国广东深圳罗湖区南湖街道东门南路2006号宝丰大厦','陈松鑫','深圳市朱雀君电子商务有限公司','0755-28500676','深圳市朱雀君有限公司是一家专业进出口企业，专注于进口食品流通供应链业务，经营全球进口食品'),(11,'中国浙江绍兴城南工贸园区3幢一层','徐晓坚','绍兴市博创商贸有限公司','0575-88136229','绍兴市博创商贸有限公司是明治,丽芝士,皇冠,宏亚,AJI,张君雅,EGO,等国内外大品牌区域总代,同时还销售各类进口食品,所售食品为原装进口'),(12,'中国浙江杭州临安市玲珑街道上蟠龙桥2号','王仲芳','临安高朋食品有限公司','0571-61132098','依托上海市场，聚焦在坚果炒货、炭烤海鲜、果脯蜜饯、果干脆片、特色糖果等五大核心领域');

UNLOCK TABLES;

/*Table structure for table `t_unit` */

DROP TABLE IF EXISTS `t_unit`;

CREATE TABLE `t_unit` (
  `id` int(11) NOT NULL AUTO_INCREMENT,
  `name` varchar(10) DEFAULT NULL,
  PRIMARY KEY (`id`)
) ENGINE=MyISAM AUTO_INCREMENT=16 DEFAULT CHARSET=utf8;

/*Data for the table `t_unit` */

LOCK TABLES `t_unit` WRITE;

insert  into `t_unit`(`id`,`name`) values (1,'元'),(6,'户'),(7,'斤'),(8,'台'),(9,'瓶'),(10,'袋'),(11,'盒'),(12,'条'),(13,'吨'),(14,'个'),(15,'件');

UNLOCK TABLES;

/*Table structure for table `t_user` */

DROP TABLE IF EXISTS `t_user`;

CREATE TABLE `t_user` (
  `id` int(11) NOT NULL AUTO_INCREMENT,
  `password` varchar(50) DEFAULT NULL,
  `remarks` varchar(1000) DEFAULT NULL,
  `true_name` varchar(50) DEFAULT NULL,
  `user_name` varchar(50) DEFAULT NULL,
  `roles` varchar(255) DEFAULT NULL,
  PRIMARY KEY (`id`)
) ENGINE=MyISAM AUTO_INCREMENT=13 DEFAULT CHARSET=utf8;

/*Data for the table `t_user` */

LOCK TABLES `t_user` WRITE;

insert  into `t_user`(`id`,`password`,`remarks`,`true_name`,`user_name`,`roles`) values (1,'admin123','管理员','兰杰','admin',NULL),(3,'123','销售经理','玛丽','marry','仓库管理员,销售经理,采购员,主管'),(10,'gucaini520','古大师','古采尼','gucaini','采购员,主管,销售经理');

UNLOCK TABLES;

/*Table structure for table `t_user_role` */

DROP TABLE IF EXISTS `t_user_role`;

CREATE TABLE `t_user_role` (
  `id` int(11) NOT NULL AUTO_INCREMENT,
  `role_id` int(11) DEFAULT NULL,
  `user_id` int(11) DEFAULT NULL,
  PRIMARY KEY (`id`),
  KEY `FKa9c8iiy6ut0gnx491fqx4pxam` (`role_id`),
  KEY `FKq5un6x7ecoef5w1n39cop66kl` (`user_id`)
) ENGINE=MyISAM AUTO_INCREMENT=42 DEFAULT CHARSET=utf8;

/*Data for the table `t_user_role` */

LOCK TABLES `t_user_role` WRITE;

insert  into `t_user_role`(`id`,`role_id`,`user_id`) values (1,1,1),(32,7,3),(31,5,3),(30,4,3),(36,4,10),(35,2,10),(29,2,3),(37,5,10);

UNLOCK TABLES;

/*!40101 SET SQL_MODE=@OLD_SQL_MODE */;
/*!40014 SET FOREIGN_KEY_CHECKS=@OLD_FOREIGN_KEY_CHECKS */;
